Order ID,Order Date,Ship Date,Customer Name,Segment,Region,Category,Sub-Category,Product Name,Sales,Quantity,Discount,Profit
924c67b8-a55a-4dba-b723-bf96ec09fab4,2024-12-31,2025-06-15,Mrs. Jessica Harmon,Home Office,East,Office Supplies,Labels,Synthesize Clicks-And-Mortar Synergies,276.26,1,0.23,-126.84
bc0d0698-1826-456c-bc57-792913784eff,2024-09-27,2025-06-20,Brandy Allen,Consumer,Central,Office Supplies,Binders,Transform Web-Enabled Supply-Chains,19.52,9,0.27,-9.42
7825865c-10ed-42a1-92b1-6689794de504,2025-04-27,2025-07-16,Dawn Williams,Corporate,West,Office Supplies,Paper,Whiteboard Robust Channels,916.98,5,0.42,188.17
fe691d97-6f6a-4a55-802d-7e45936417c3,2024-05-13,2024-12-03,Brenda Jones,Consumer,East,Office Supplies,Labels,Reinvent Clicks-And-Mortar E-Tailers,955.64,10,0.42,133.2
58f38c41-46c7-4311-a61f-615e30d4aedd,2025-01-05,2025-02-14,Heather Washington,Consumer,West,Furniture,Chairs,Facilitate Frictionless E-Commerce,1267.52,5,0.21,149.29
aeb6f246-94be-4dd1-9c1a-de3f94e6bfef,2023-07-18,2025-01-14,Maria Kent,Consumer,Central,Technology,Phones,Disintermediate Open-Source Supply-Chains,560.7,4,0.08,-69.87
c8b13c47-ee0d-4daf-add4-356278fbaae3,2023-09-03,2024-11-18,William Chavez,Home Office,West,Furniture,Tables,Engineer B2C Mindshare,786.73,2,0.31,53.44
e6b01cff-2138-4ee9-97d0-c548bd84b0c7,2024-03-03,2024-04-10,Raymond Lucas,Corporate,Central,Office Supplies,Paper,Envisioneer Customized E-Services,1432.75,7,0.0,341.88
7aabcb8a-8cd0-451d-9996-64ba4a3a32b1,2024-03-31,2025-03-19,Natalie Oneill,Home Office,South,Furniture,Chairs,Redefine Rich Applications,1461.54,6,0.03,372.45
72694d51-d395-4cea-80b3-404d01aecca1,2024-06-11,2024-10-24,Courtney Price,Consumer,Central,Office Supplies,Binders,Re-Intermediate Mission-Critical Experiences,420.35,5,0.06,351.89
c3e6a030-3a81-4948-a0e4-ece8a1f9c3bc,2025-01-18,2025-07-26,Daniel Morales,Consumer,Central,Technology,Phones,Repurpose Leading-Edge Web Services,767.85,2,0.23,222.75
3333b636-50f5-4fe1-89ee-eecfdb856051,2024-09-10,2025-05-28,Timothy Woodard,Home Office,East,Furniture,Tables,Exploit Next-Generation Infrastructures,1145.59,10,0.03,-17.94
18291a9d-8afa-4053-a31e-510dc3cfafe0,2025-06-14,2025-07-08,Jerry Hodges,Home Office,South,Office Supplies,Labels,Maximize Sticky E-Business,150.61,10,0.11,71.46
f02d2c09-f52c-4070-ab99-5c0696701a90,2025-02-09,2025-07-14,Alan Spencer,Corporate,Central,Office Supplies,Labels,E-Enable Synergistic Users,511.34,4,0.28,234.08
7218f72c-bbe8-48ab-9c71-4a72e639d0f9,2024-04-29,2025-03-29,Brian Warner,Consumer,West,Technology,Accessories,Maximize World-Class Paradigms,661.23,6,0.1,-185.67
2a81cf11-2129-4b97-b0a4-c9c5aa2928bb,2025-06-04,2025-06-26,Marvin Mcfarland,Corporate,Central,Office Supplies,Paper,Synergize Frictionless Action-Items,18.95,6,0.38,361.24
e49dfb1e-b7b9-4913-8324-0e7487751bd6,2023-12-29,2025-06-04,Tammy Flores,Corporate,East,Furniture,Tables,Enhance Cross-Platform Synergies,1482.74,10,0.08,90.07
0472801d-65fe-4e67-b5c4-b0341a6e0adc,2025-02-09,2025-07-05,Diane Martinez,Consumer,West,Technology,Phones,Iterate Bleeding-Edge E-Markets,938.51,8,0.29,276.75
393f3dd7-f6e7-4c31-84f0-658bc54670fa,2024-02-19,2025-01-27,Kristine Mitchell,Home Office,South,Office Supplies,Labels,Architect Bricks-And-Clicks Solutions,1332.04,8,0.47,-127.85
0f853b64-2678-44d9-a3a8-d8684cd6337b,2024-02-25,2025-04-20,Jillian Hutchinson,Consumer,East,Office Supplies,Labels,Streamline Interactive Deliverables,1191.04,2,0.08,214.59
346dc5fb-efa5-443b-9b57-6a6b4d761515,2025-01-10,2025-04-28,Joseph Spencer,Consumer,East,Office Supplies,Labels,Grow Web-Enabled Bandwidth,1161.56,1,0.1,106.36
ba6719a6-7de6-450c-9a9d-d3fc3d3b5b6a,2024-12-08,2025-05-04,Sarah Hernandez,Home Office,Central,Technology,Copiers,Mesh World-Class E-Services,1457.82,4,0.42,-58.68
647d1d4b-aade-4530-b443-3ca8322844dc,2024-03-15,2024-05-12,Kimberly Ruiz,Home Office,East,Technology,Accessories,Optimize Granular Supply-Chains,1379.46,3,0.28,311.02
7ca6b2c7-5b42-42bc-b08e-c92468bea41c,2024-05-11,2024-06-22,Dr. Jacqueline Williams,Consumer,South,Office Supplies,Labels,Incentivize Transparent Action-Items,569.58,2,0.48,374.57
49ae4765-d513-423c-a0c2-cb4c432ca056,2024-06-08,2024-12-09,Sarah Richards,Home Office,Central,Technology,Accessories,Seize Revolutionary E-Tailers,375.67,6,0.23,326.28
3b938cc8-4369-4c3d-a8ad-bf68f001dc8d,2023-10-05,2024-12-14,Samuel Becker,Consumer,South,Furniture,Chairs,Engage Rich Systems,198.4,5,0.5,79.67
d16806d8-967c-458f-996e-d0e00f27188b,2025-03-30,2025-07-28,Jasmine Murphy,Consumer,South,Technology,Accessories,Utilize Clicks-And-Mortar Schemas,470.26,10,0.04,-95.44
f80694d1-02f0-4584-9f46-311a50452517,2024-01-11,2025-01-04,Michelle Smith,Consumer,South,Technology,Copiers,Engineer Global Solutions,947.91,5,0.07,-35.72
200d30c5-cad9-4a51-b558-a24b9ce0d0ae,2024-09-03,2025-07-02,Allison Jacobs,Home Office,West,Furniture,Tables,Visualize Frictionless Communities,60.95,10,0.02,-33.76
cacd225b-d872-4b86-9c23-ea6a1126e25a,2024-04-23,2025-03-24,Tina Anderson,Home Office,South,Furniture,Tables,Incentivize Collaborative Infrastructures,954.53,10,0.33,-84.15
196a5697-b75f-42d8-ab9c-f6eada60600c,2023-07-17,2025-05-04,Annette Fry,Home Office,South,Furniture,Tables,Revolutionize 24/7 Experiences,1326.71,10,0.41,234.69
f164ca96-8946-4e00-a71d-24b069b08dce,2024-01-09,2025-04-28,Caitlyn Rodriguez,Home Office,West,Technology,Phones,Leverage Cross-Platform Convergence,378.63,7,0.19,383.63
9a75d651-defc-40fa-bcb3-278cbe9a03b2,2023-07-26,2024-07-19,Maria Jones,Consumer,West,Technology,Accessories,Aggregate Killer Deliverables,1113.11,3,0.37,-146.52
84e1f21a-a58b-496b-8971-ec4a8e3f3920,2024-04-20,2024-06-19,Arthur Reeves,Consumer,East,Technology,Copiers,Leverage Back-End Users,934.11,4,0.14,330.91
051c4b8f-d9ec-4584-8ff3-781845b43d36,2023-09-24,2024-09-27,Monica Ford,Consumer,South,Furniture,Bookcases,Implement Synergistic E-Markets,917.31,6,0.25,-161.47
728c5f1a-6536-4a78-a203-a590ca2ab8b6,2024-12-05,2025-07-13,Andrew Jones,Corporate,West,Office Supplies,Binders,Whiteboard Next-Generation Synergies,922.96,10,0.15,151.27
f4590c9f-f0d6-4a05-acf7-318286bbda21,2024-11-12,2025-01-23,Nathaniel Morgan,Consumer,East,Technology,Copiers,Embrace Compelling E-Tailers,302.48,6,0.19,148.16
561920a1-6dba-4108-b557-8b056eaa250e,2024-06-07,2025-06-22,John Nelson,Corporate,South,Furniture,Bookcases,Streamline Synergistic Vortals,1356.98,8,0.19,274.99
48f3ea5d-1def-4aa2-b588-3da4b94f687b,2023-09-13,2024-04-10,Vicki Shields,Home Office,Central,Office Supplies,Labels,Enhance Customized Networks,885.93,8,0.15,189.09
ec371a5f-3a19-4a26-9273-08206a9c2f22,2025-06-10,2025-07-22,Tammy Meyers,Corporate,West,Furniture,Chairs,Empower Scalable E-Markets,95.84,8,0.17,265.43
f52b1155-4a9a-4f9d-b579-10d5a4dc5728,2025-03-24,2025-03-26,Randy House,Consumer,East,Technology,Copiers,E-Enable Robust E-Services,406.06,5,0.44,-50.37
86478f52-69f3-4204-b4b0-9a4bdc3ea26b,2023-08-14,2023-11-27,Tracey Decker,Consumer,Central,Office Supplies,Labels,Iterate Web-Enabled Initiatives,1281.29,6,0.11,239.65
4a383d7b-7aef-41d1-9d1d-f0ba3b2b3dc7,2023-11-21,2024-08-11,Jennifer Lang,Home Office,East,Furniture,Bookcases,Incentivize World-Class Functionalities,556.57,7,0.1,-2.86
2b947dcc-de0c-4df4-9ec7-d48f18cc2a1c,2024-02-15,2025-01-29,James Cuevas,Consumer,Central,Technology,Copiers,Aggregate Bricks-And-Clicks Initiatives,614.91,3,0.09,88.33
7737af68-aec8-41a0-a2f5-c9416f4ac7cf,2024-11-29,2025-06-16,Jason Griffin,Home Office,West,Office Supplies,Binders,Re-Intermediate Innovative Portals,824.93,4,0.38,336.35
ab485b0b-b1fe-4cd0-8a35-c3815d45aa0c,2025-05-15,2025-05-25,Linda Barker,Consumer,West,Office Supplies,Binders,Cultivate Vertical E-Tailers,281.89,7,0.13,380.16
c719b723-5991-4a69-9123-6774b41a4596,2024-11-02,2025-06-03,Jamie Powers,Consumer,Central,Technology,Accessories,Productize Killer Methodologies,1236.84,4,0.05,-101.93
60c17ecd-60e4-4aba-977b-da2a14df6eb9,2024-08-09,2025-03-26,Brandy Figueroa,Corporate,South,Furniture,Tables,Engineer Holistic Architectures,1444.48,6,0.42,71.38
35e4edb1-5672-4d72-b590-634459005cfb,2024-12-31,2025-01-12,Cheryl Schroeder,Consumer,South,Office Supplies,Binders,Unleash Ubiquitous Interfaces,797.39,5,0.38,143.23
540513fc-0c53-4e0c-9e2d-4ee12776d901,2024-02-17,2025-01-12,Shawn Moore,Consumer,West,Furniture,Bookcases,Matrix Compelling Models,544.89,3,0.49,373.92
77641872-9abd-4b95-bd6d-212ad6513d44,2023-10-22,2024-05-24,Garrett Powell,Corporate,West,Technology,Copiers,Synthesize One-To-One Synergies,745.92,10,0.0,195.53
748fa0d3-21f9-4ab5-80fb-9c586de4ac8f,2023-10-03,2025-07-30,Cheryl Fox,Home Office,East,Office Supplies,Labels,Facilitate Bricks-And-Clicks Portals,441.22,7,0.23,-166.55
ebe06160-140c-4baa-bd5b-e99755c8c36d,2023-11-18,2024-07-27,Jonathan Vance,Corporate,Central,Technology,Copiers,Synthesize End-To-End Systems,1091.92,2,0.16,77.9
4b6120bd-a948-485a-ac1b-a6d128c4ab84,2025-03-21,2025-06-27,Tracy Mills,Corporate,East,Technology,Phones,Seize Proactive Platforms,865.7,2,0.47,300.82
7a67a54b-efec-4fe1-a575-3775c3a57693,2023-11-09,2024-01-20,Abigail Jones,Corporate,East,Office Supplies,Labels,Cultivate Plug-And-Play Convergence,1282.03,3,0.18,-179.23
f02b16e9-6dd3-4347-a931-3225772b0f48,2024-07-16,2024-09-01,Brandy Lewis,Corporate,Central,Office Supplies,Paper,Drive Leading-Edge Infrastructures,1393.6,9,0.41,147.36
20774440-df07-456b-b042-5369e7a623f8,2024-03-22,2024-06-11,Lindsay Elliott,Corporate,South,Technology,Phones,Mesh Killer Models,496.56,6,0.1,109.6
69d0e628-fdd6-4456-b2ea-0fd09bdb6bbe,2024-08-02,2025-03-27,Mr. Stuart Gaines MD,Home Office,East,Office Supplies,Labels,Empower Scalable Content,1255.84,9,0.13,94.78
5ab1f1c8-c2f9-417b-843e-809b0239096a,2024-12-28,2025-01-22,Clifford Smith,Consumer,South,Technology,Phones,Exploit Out-Of-The-Box Content,1095.48,7,0.38,-77.9
343a0747-4749-45f1-8194-c83e4b638651,2024-06-15,2025-06-21,Zachary Baker,Home Office,South,Technology,Phones,Unleash Distributed Mindshare,189.27,2,0.14,387.09
e71fc992-c49c-4ff3-acee-7f13ed2fedd2,2024-06-28,2024-11-15,Rhonda Olson,Corporate,South,Office Supplies,Paper,Transform Sticky Convergence,1001.92,2,0.14,35.48
97560483-2c72-4b87-bb2a-d38ddec492c1,2024-02-11,2024-11-14,Laura Atkins,Corporate,South,Technology,Phones,Maximize Customized Functionalities,41.55,1,0.06,234.22
6fc612a6-a411-4498-8bc1-5aca6abe9596,2025-05-13,2025-07-24,Ebony Wheeler,Consumer,East,Office Supplies,Labels,Incubate Bleeding-Edge Schemas,806.32,8,0.15,-172.06
74bc0143-f817-4df3-a4da-f9f95e93d36d,2023-07-18,2024-02-26,Isaac Anderson,Consumer,West,Office Supplies,Paper,Disintermediate Collaborative Methodologies,769.2,5,0.34,-148.53
fbe742d8-4dfd-4cc5-8c95-8573f06a7b59,2024-03-27,2025-04-22,Cristina George,Corporate,West,Technology,Phones,E-Enable End-To-End Relationships,720.32,2,0.07,-92.85
9dc83fd2-db5e-45a3-9d97-2b20df387bcd,2023-10-01,2025-07-03,Nicole Ballard,Consumer,East,Furniture,Bookcases,Architect Intuitive Infrastructures,882.99,9,0.21,343.87
599b4775-36ae-4135-be27-5efe563f79d2,2024-08-08,2025-06-10,Mary Young,Home Office,West,Furniture,Tables,Deploy Back-End Users,108.54,3,0.46,3.04
f226307b-5ff0-4a36-bd97-ae91f4227e4d,2024-07-24,2025-01-12,Gregory Luna,Corporate,Central,Office Supplies,Binders,Embrace Real-Time Architectures,96.83,5,0.33,315.3
9b8b3094-5ea2-4301-b3b4-ded308bb312e,2024-09-11,2024-11-03,Michelle Murray,Consumer,East,Office Supplies,Labels,Unleash Robust Architectures,456.51,4,0.33,343.81
6f15a360-fc6e-4878-933a-c59924af7578,2024-02-16,2025-01-23,Chad Harris,Corporate,Central,Office Supplies,Labels,Mesh Web-Enabled Mindshare,1139.53,6,0.35,229.75
83eb59f8-0200-48a2-bf61-4170309c1cfb,2024-12-15,2025-06-18,Roy Bridges,Corporate,South,Furniture,Bookcases,Reinvent Transparent E-Services,405.34,5,0.38,272.62
008acee6-1da0-4dec-b011-5b2105d8907d,2025-06-05,2025-07-18,Christian Hernandez,Corporate,Central,Furniture,Bookcases,Enhance One-To-One Action-Items,637.22,4,0.24,374.81
61ec324f-06a8-4eae-b98a-7ea48f865982,2024-03-02,2024-04-20,James Byrd,Consumer,West,Technology,Phones,Visualize Frictionless Solutions,218.71,10,0.28,336.56
89bb895c-c2ee-44c3-96ed-c538aff70948,2025-03-20,2025-05-11,Anthony Ellis,Corporate,West,Office Supplies,Paper,Facilitate E-Business Technologies,470.11,7,0.48,265.49
7498f954-cc4c-483a-9e36-dc34b0e4d811,2023-11-10,2025-01-17,Michael Moore,Home Office,Central,Technology,Accessories,Transition Sticky E-Services,538.27,3,0.45,209.27
28e7b504-c703-41b4-bea5-d0784e075ffa,2024-08-10,2024-12-05,Daniel Meadows,Consumer,South,Technology,Copiers,Monetize One-To-One Bandwidth,1307.21,4,0.1,334.04
61bc8d57-7f68-4c85-8936-4df54881149c,2024-01-09,2024-05-23,Patrick Arnold,Home Office,South,Technology,Phones,Transform Out-Of-The-Box Architectures,1279.33,9,0.08,196.5
69a4f403-3615-4689-ada6-4acd397a24dd,2025-01-23,2025-06-02,April Thompson,Consumer,West,Technology,Phones,Deploy Holistic Synergies,24.93,5,0.27,78.05
b1396fcc-1fd5-437b-9161-7601cce68cf0,2025-03-23,2025-06-14,Beth Lee,Corporate,West,Office Supplies,Labels,Exploit Turn-Key Methodologies,606.66,4,0.4,44.37
90c49f70-c3cb-4a39-84d6-0002b4146b35,2025-04-20,2025-04-23,John Marshall,Home Office,South,Furniture,Tables,Brand Intuitive Methodologies,213.41,1,0.38,235.57
ac20160f-f7d4-4455-a362-9ddb63683c61,2023-09-01,2024-11-03,Sheila Ortega,Home Office,West,Technology,Copiers,E-Enable Innovative Niches,1326.9,5,0.49,-122.93
51650033-f2fc-4f83-bf20-07b1859291f2,2025-06-08,2025-07-11,Stephanie Griffith,Corporate,South,Technology,Accessories,Empower Killer Convergence,1184.32,5,0.13,154.78
f96c839c-edb4-4e8b-8b25-842b78dbce82,2024-01-28,2024-10-03,Christine Pierce,Home Office,West,Technology,Accessories,Brand Distributed Bandwidth,503.28,3,0.24,164.86
47e2a461-c772-4af8-9ae3-0e9376670a00,2023-12-28,2024-02-05,Betty Mccarthy,Corporate,East,Technology,Accessories,Synergize Killer Web-Readiness,1461.67,9,0.26,-27.26
502922a5-03f2-47fb-9ddc-4bdd7d58bf12,2024-06-18,2024-09-16,Sherri Smith,Home Office,Central,Office Supplies,Binders,Implement Synergistic Supply-Chains,1481.77,9,0.45,115.78
7afee7bb-a381-4fab-9de8-d47ab0a6f89e,2023-11-22,2024-03-25,Becky Frey,Consumer,West,Technology,Accessories,Engage Turn-Key Relationships,315.18,3,0.09,124.74
b80ed16a-f375-491d-9a75-2a701f2f49be,2023-09-30,2024-04-18,Christie Arnold,Corporate,West,Office Supplies,Binders,Disintermediate Revolutionary Users,201.09,7,0.11,97.95
28212754-9055-41bb-bc0d-d1ea85816003,2023-08-31,2023-10-25,Joseph Reed,Home Office,East,Technology,Accessories,Redefine End-To-End Solutions,329.93,7,0.09,114.57
e2be71e0-4337-416c-b55b-d7e23db12cd9,2023-12-25,2024-08-31,Jessica Randolph,Home Office,East,Office Supplies,Labels,Target Granular Infrastructures,201.23,3,0.12,-180.14
a21c1328-d75b-4d48-8b8e-317c7227b3b9,2025-01-29,2025-02-04,Jill Keith,Home Office,Central,Technology,Phones,Engage Mission-Critical Portals,1411.18,10,0.13,320.77
02a7328d-3495-4051-8c25-855efd4d13af,2024-01-06,2025-01-10,Amanda Reese,Home Office,South,Furniture,Bookcases,Scale Vertical Systems,201.71,9,0.06,-97.42
d0b74f71-8412-4b45-9f53-c14c5f7a9c22,2024-08-23,2025-07-29,Charles Hughes,Corporate,East,Technology,Copiers,Embrace Viral Synergies,187.47,5,0.43,-2.35
32e5e06c-938d-47b8-8986-bc3cc5059442,2024-01-19,2024-03-19,Julia Cline,Consumer,West,Office Supplies,Labels,Deploy Rich E-Services,1262.82,6,0.08,-28.79
a90435ff-878c-4f42-8c32-40f4d21de238,2024-01-11,2024-09-16,Richard Wilson,Corporate,West,Technology,Accessories,Synthesize Revolutionary Action-Items,1138.56,10,0.31,116.5
dbbd41d8-c01d-4043-a5a8-09030148fedd,2025-03-07,2025-05-26,Roberto Heath,Corporate,West,Technology,Copiers,Enable Web-Enabled Communities,786.02,1,0.02,375.72
9356726f-f065-4e57-957e-3d46afbc45f7,2024-09-19,2025-05-26,Miranda Smith,Corporate,East,Technology,Copiers,Evolve Plug-And-Play Niches,969.4,8,0.07,329.74
217d2a4d-bd3b-4a8b-8211-b34cb5bd76ed,2024-07-27,2025-02-19,Brian Oconnor,Corporate,West,Office Supplies,Binders,Matrix One-To-One Action-Items,39.18,3,0.3,-176.04
703b7ab1-f174-4bf3-a5f1-4e0cb8fcb262,2023-09-18,2025-06-04,Daniel Robinson,Consumer,Central,Furniture,Tables,Redefine Back-End Metrics,1158.45,8,0.46,228.35
0d421951-7e48-41de-8790-3baa5040f7cc,2023-07-17,2024-01-22,Jeffrey Miller,Home Office,East,Furniture,Bookcases,Disintermediate Visionary Info-Mediaries,1027.66,3,0.17,-95.81
38e0ecb2-455d-41d7-af85-b811d6db70e6,2023-11-12,2025-02-11,Gary Roth,Corporate,South,Office Supplies,Labels,Orchestrate Open-Source Experiences,204.66,10,0.1,198.24
0d39012d-5e6f-4d45-b2b8-65e81d3ad191,2023-07-18,2024-02-03,Daniel Mcintyre,Corporate,Central,Technology,Accessories,Scale Bleeding-Edge Paradigms,1222.7,6,0.31,-144.71
80a5a9ff-c109-4a32-a692-290a8515004a,2024-03-06,2024-11-02,Earl Garrett,Home Office,Central,Technology,Phones,Transform Compelling Architectures,1017.02,2,0.45,103.76
57751441-8356-4459-9127-c7901d491820,2025-04-02,2025-05-20,Jesse Graham,Home Office,South,Furniture,Chairs,Scale Out-Of-The-Box Partnerships,177.52,3,0.41,31.75
b3208060-d3ec-43b4-be01-8cf45553cd6f,2024-01-05,2025-03-22,Bruce Robinson,Corporate,East,Technology,Accessories,Synergize Synergistic Models,1311.95,2,0.01,255.99
80f2eaaf-1853-4f48-b6d7-4f0f4c76db3e,2025-06-03,2025-07-10,Kevin Knapp,Home Office,East,Office Supplies,Binders,Reinvent Vertical Niches,880.61,6,0.45,386.87
015b798f-60e3-408f-9f6f-0b5d49ee3c1c,2025-06-04,2025-07-02,Michelle Garcia,Corporate,Central,Office Supplies,Paper,Transform B2B Info-Mediaries,91.88,3,0.45,-90.46
21d0c151-0245-4328-9559-514d1e434c35,2024-07-15,2025-03-02,Edward Ramirez,Home Office,South,Office Supplies,Labels,Cultivate Visionary Relationships,953.63,6,0.05,331.11
52e4a56d-93a5-4fea-b1df-a739ae318240,2025-03-12,2025-05-04,Andrew Bond,Home Office,South,Office Supplies,Labels,Syndicate Bleeding-Edge Architectures,1013.79,9,0.28,218.8
d9b80e50-9a65-4698-b70a-bb7b68b27d1b,2025-03-26,2025-06-19,Timothy Miller,Consumer,East,Furniture,Bookcases,Unleash Sticky Infrastructures,782.36,7,0.35,-160.72
234bacdf-0a7c-400d-a952-53f5788e03f3,2024-05-29,2025-04-18,Latoya Rich,Corporate,West,Office Supplies,Labels,Iterate Revolutionary Schemas,1237.64,5,0.28,331.54
67bb0c39-0668-4eaf-9abf-d950b6b50842,2024-07-25,2025-04-28,Wesley Salazar,Home Office,South,Furniture,Tables,Expedite Revolutionary Roi,719.18,8,0.26,143.62
1ead3eed-68c7-4f07-bd4e-d5f795ce8896,2024-05-21,2025-05-14,Carlos Solomon,Corporate,South,Office Supplies,Binders,Embrace Synergistic Schemas,1083.48,1,0.22,284.08
da524c58-be90-44f6-9c4c-b21361ad6469,2023-10-19,2024-05-04,Andrew Smith,Corporate,West,Furniture,Bookcases,Maximize End-To-End Markets,1197.27,8,0.48,307.43
37f68c60-580c-4bbc-8844-9637a8995a34,2024-11-23,2025-06-04,Brian Moreno,Home Office,Central,Technology,Copiers,Enable Compelling Users,329.29,4,0.24,183.34
82fbcb81-b0ad-4664-8e09-01c1a4839076,2024-07-26,2024-09-14,Kevin Johnson,Home Office,East,Office Supplies,Paper,Synthesize Interactive Architectures,20.6,5,0.44,-195.94
12031275-2677-44fc-86b9-49c1ec6117e4,2025-03-26,2025-04-30,Sophia Hill,Corporate,Central,Office Supplies,Paper,Target Granular Eyeballs,893.04,10,0.27,-115.61
0194c649-604e-44c2-8f99-e241a5190238,2024-08-28,2025-02-16,Keith Perkins,Consumer,South,Furniture,Bookcases,Deliver Killer Paradigms,998.02,6,0.24,133.98
858d436b-bdd6-4fd0-8d4f-04a256254524,2024-05-01,2025-07-13,Brenda Rhodes,Home Office,Central,Technology,Accessories,Grow Revolutionary Info-Mediaries,227.37,10,0.44,262.46
628cded6-8196-477a-99b4-538c092ad057,2024-05-22,2024-06-27,Timothy Newton,Home Office,East,Furniture,Tables,Implement Bricks-And-Clicks Communities,1222.26,3,0.45,358.07
f374707c-273b-4764-a062-f806bb81ab27,2024-12-01,2025-01-24,Arthur Martinez,Corporate,Central,Technology,Accessories,Transition 24/365 Experiences,668.02,3,0.11,249.55
d358deb8-9445-47fb-8f79-41ad0a3a6872,2024-08-05,2024-11-20,Rachel Hunt,Consumer,South,Office Supplies,Labels,Evolve Real-Time E-Tailers,128.23,7,0.4,296.01
e8f7d7af-e296-4c76-903f-afdfb7dfa5ff,2025-02-04,2025-02-10,Todd Williams,Consumer,South,Office Supplies,Binders,Unleash Strategic Content,192.19,7,0.39,36.09
4f01babe-2ec5-41b3-bbd9-89db1ea129ec,2023-09-07,2024-05-02,Jon Atkins,Corporate,East,Technology,Phones,Iterate Holistic Bandwidth,1378.8,2,0.29,353.72
f9e2686c-de4e-4c86-a9de-4c7afa9dc1cd,2024-04-29,2025-03-18,Krista Edwards,Corporate,West,Office Supplies,Labels,Repurpose Back-End Users,74.08,9,0.1,303.25
4f658c69-bc70-4afe-939d-74dc234e843f,2024-07-29,2025-01-04,Amy Riley,Home Office,South,Technology,Copiers,Incubate Killer E-Business,1241.76,3,0.48,68.49
9769ccb3-88d0-4c87-a79a-4a16c5b8bd82,2023-07-19,2023-09-04,John Tapia,Corporate,East,Office Supplies,Labels,Generate Mission-Critical Technologies,617.08,2,0.39,280.54
a0393151-4fab-4747-88a6-72f86e11f010,2024-07-27,2025-05-01,Rebecca Pacheco,Consumer,West,Technology,Phones,Revolutionize Plug-And-Play Action-Items,1275.51,2,0.49,147.91
232c7688-5b91-4b54-bd49-b90948834aa5,2025-01-17,2025-05-07,Melissa Jones,Consumer,Central,Office Supplies,Binders,Architect Revolutionary Solutions,1203.77,1,0.39,217.91
2bab91c4-12b8-466c-bcad-68d50f73dd6c,2024-04-09,2024-05-15,Julie Pennington,Home Office,West,Technology,Copiers,Re-Intermediate End-To-End Relationships,1364.64,5,0.44,-108.88
1c2fd00b-cd2f-44b3-be61-b8b3617127dd,2024-07-19,2025-01-14,Joyce Nolan,Corporate,South,Technology,Copiers,Deliver E-Business Web Services,268.3,3,0.09,347.36
589e72f1-f77f-4f4d-acc4-7ca1b84e5a44,2024-05-16,2025-07-09,Daniel Waters,Home Office,West,Technology,Copiers,Iterate Intuitive Vortals,945.34,5,0.32,92.75
9c27d697-daff-46b7-b51a-6c9f9a46ee12,2025-05-09,2025-07-09,Ryan Jimenez,Corporate,South,Furniture,Chairs,Seize Magnetic Action-Items,1261.6,4,0.4,-79.85
5f530de5-28f2-4859-9ce6-f4f1d3698036,2024-04-17,2024-11-01,Tonya Lambert,Corporate,West,Furniture,Tables,Iterate Proactive Bandwidth,639.48,6,0.29,173.49
a74bd786-9d6a-4a0e-a6cc-9672cf38533c,2025-01-21,2025-05-15,Kelsey Strong,Corporate,Central,Furniture,Bookcases,Re-Contextualize Front-End Infrastructures,1411.42,10,0.48,-93.71
cca23366-09e4-4cbe-84f9-3ed6d99dcbcb,2024-12-28,2025-07-07,Kathleen Davis,Corporate,South,Furniture,Tables,Engineer Efficient Schemas,991.91,1,0.04,396.15
ed036ebf-6e79-4826-8854-987184368858,2024-01-18,2025-06-05,Heather Fitzpatrick,Home Office,Central,Technology,Phones,Productize Holistic Applications,782.61,5,0.22,327.1
01a96ae8-eed2-4b38-8385-eef4025aa556,2024-02-06,2025-04-13,Rebecca Bradley,Home Office,East,Technology,Phones,Repurpose Transparent Mindshare,688.88,9,0.18,106.48
77544ccb-34c3-41d6-a650-215baf5a56d6,2025-04-25,2025-07-31,Stacy Rodriguez,Home Office,Central,Furniture,Bookcases,Repurpose Mission-Critical Schemas,836.07,5,0.03,261.3
55531a42-b1b0-42b2-b3fb-c5bf60a128b9,2024-05-01,2024-06-23,Patricia Kim,Home Office,East,Furniture,Tables,Extend Granular Infrastructures,722.05,3,0.37,339.09
fc162685-d286-4079-bcbf-b476d1c27852,2023-09-03,2024-11-30,Michael Cunningham,Consumer,East,Technology,Accessories,Grow Cutting-Edge Synergies,173.87,9,0.46,329.47
72ed3acd-6d17-4555-885c-89b3e0f84b47,2024-05-09,2024-09-24,Connor Jackson,Home Office,East,Furniture,Chairs,Innovate Best-Of-Breed Models,1086.33,2,0.41,12.65
6a53a9d3-7bc6-4d3c-9022-805854f179f8,2024-04-06,2024-05-04,Darius Wyatt,Consumer,Central,Furniture,Tables,Exploit User-Centric Applications,1042.38,10,0.27,-150.62
e4bd02bd-7a35-4ccf-b6a3-be8cf2541780,2025-03-29,2025-04-09,David Becker,Home Office,South,Office Supplies,Labels,Monetize Bleeding-Edge Partnerships,548.22,2,0.44,350.85
739afc17-9474-4269-8dd1-c10ffa6a44c6,2025-06-07,2025-06-24,Stephanie Bauer,Consumer,West,Furniture,Chairs,Maximize Bricks-And-Clicks Partnerships,48.58,5,0.5,-11.75
50e5cc71-9113-4a81-a84d-7982d82feba1,2023-12-31,2025-04-25,Sabrina Brewer,Consumer,South,Technology,Phones,Harness Scalable Functionalities,501.29,7,0.01,172.46
318330e6-72ed-4e3b-bb7c-df13574d676a,2024-06-15,2025-02-16,Kyle Hunter,Home Office,South,Technology,Copiers,Strategize Integrated Users,217.72,7,0.49,281.44
9daa0d9b-e2ac-4752-979f-c9049533885f,2024-11-23,2025-03-15,Jillian Martinez,Home Office,West,Furniture,Chairs,Drive 24/7 Web Services,226.86,8,0.04,98.07
0577642d-bfdb-41c5-9482-eab10105713a,2025-05-18,2025-06-22,Carol Goodman,Corporate,West,Office Supplies,Paper,Utilize Front-End Info-Mediaries,469.54,5,0.21,397.09
5925970f-b803-4c69-901d-d650bba06efe,2024-09-09,2025-06-07,Kenneth Morales,Consumer,Central,Technology,Phones,Syndicate Seamless Functionalities,1058.95,5,0.31,261.35
8d61ffdf-cb1f-4b9f-9338-572adafb64b3,2023-10-29,2024-12-30,Kevin Myers,Consumer,Central,Technology,Phones,Extend Integrated Relationships,620.0,1,0.47,-113.06
3a585f04-9589-405c-8eea-3956c98bbfd6,2024-04-17,2025-04-29,Sandra Wilson,Consumer,Central,Furniture,Bookcases,Enhance Synergistic Paradigms,890.79,8,0.29,331.12
71029ad8-c7da-4b47-8c3d-f83e3c101096,2024-06-07,2025-06-10,William Moreno,Corporate,South,Office Supplies,Binders,Aggregate Efficient Convergence,1340.61,6,0.16,-80.93
152579cd-477c-4f1d-9c21-295d6a44cbde,2025-02-13,2025-06-16,Thomas Moore,Consumer,East,Technology,Phones,Extend Virtual Markets,1377.74,2,0.44,307.52
0d86d70a-246e-42bd-b826-ec74d2682268,2023-08-30,2024-01-16,John Sheppard,Consumer,West,Furniture,Chairs,Unleash Revolutionary Communities,1031.02,10,0.35,114.58
1d94b1ff-1dbb-4502-b6b2-079121937c74,2024-07-28,2024-10-09,Angela Figueroa,Consumer,Central,Furniture,Chairs,Scale Ubiquitous Action-Items,44.55,3,0.36,225.6
8692cd9e-4ff6-4d57-9f49-ab1b8bf89170,2023-11-03,2024-05-16,Danielle Williamson DDS,Consumer,Central,Technology,Accessories,Embrace Web-Enabled Deliverables,306.71,1,0.48,104.09
90ac939d-a6ff-4176-b43b-dde917a45376,2025-01-23,2025-02-10,Stuart Cross,Home Office,South,Office Supplies,Paper,E-Enable Out-Of-The-Box Architectures,1481.45,2,0.22,335.09
5034e01f-a8cf-4b73-a8c8-ee9e342f52eb,2023-11-20,2024-09-16,Michael Martinez,Home Office,West,Office Supplies,Paper,Transition Dot-Com Channels,1247.93,8,0.3,337.86
39c2efcd-cbde-4fef-9a55-09ebeab9dd7b,2023-11-27,2024-04-14,Christina Webb,Consumer,South,Furniture,Tables,E-Enable B2C Partnerships,660.67,7,0.19,126.51
8208aaf7-48fd-40aa-a364-c819c32ae86a,2023-08-09,2024-04-14,Sarah Evans,Corporate,East,Office Supplies,Paper,Mesh Enterprise Interfaces,112.22,10,0.28,-7.92
cf6a5ee5-654f-45ea-ab65-b261f2e856d9,2025-01-05,2025-05-01,Brady White,Consumer,West,Furniture,Bookcases,Brand Efficient Platforms,1221.35,8,0.34,287.38
c9c5e967-d526-47b2-aaa3-b3769e6edd85,2024-04-02,2025-05-18,Joshua Rhodes,Consumer,South,Technology,Phones,Enable Vertical Relationships,770.58,8,0.48,127.07
9ccdebfd-4cfe-40c6-bb49-8e4f9043a84e,2025-04-25,2025-06-19,Zachary Reeves,Home Office,South,Furniture,Tables,Engage Web-Enabled Platforms,1177.75,2,0.35,116.29
1cea541a-e048-4b40-bb35-a9a89161b57f,2024-04-29,2024-06-10,Barbara Eaton,Corporate,East,Office Supplies,Paper,Brand Out-Of-The-Box E-Services,1242.46,8,0.2,53.64
16f3cac2-9d21-4e58-b881-0780a4475651,2024-05-09,2025-01-31,Jon Rosales,Corporate,South,Office Supplies,Binders,Leverage 24/7 Initiatives,714.79,6,0.46,250.46
a4fff7b6-6cd8-4916-ac95-ac066ae61618,2025-01-02,2025-01-21,Jessica Beck,Corporate,South,Furniture,Tables,Revolutionize Next-Generation Schemas,581.0,10,0.25,128.16
f7966b86-94cb-45e2-b353-45d0c4655ead,2024-04-01,2024-05-29,Julie Smith,Corporate,West,Furniture,Chairs,Enable Clicks-And-Mortar Interfaces,850.3,3,0.01,389.09
bc52f6c3-1d75-4655-846d-c300dde0824e,2024-08-24,2025-02-09,Andrea Mcclain,Corporate,West,Office Supplies,Labels,Syndicate Sticky Experiences,568.24,1,0.14,10.56
31243ba3-fbb4-427c-9869-ebc4e5536488,2023-09-20,2023-09-27,Emma Preston,Home Office,West,Office Supplies,Labels,Iterate Revolutionary Eyeballs,808.23,10,0.2,-102.36
076d8ff6-06d0-40cf-a19c-7b88e7655643,2025-05-10,2025-06-23,Jennifer Wells,Corporate,South,Office Supplies,Paper,Enhance Best-Of-Breed Portals,984.95,5,0.44,299.48
6d2c654c-5bbf-48a8-b9f5-f9fd331daa00,2025-03-04,2025-03-29,Steve Neal,Consumer,West,Technology,Phones,Envisioneer Bleeding-Edge Bandwidth,865.35,10,0.38,196.74
51b81fb5-f69e-4484-b044-b58abe9a07cb,2025-04-30,2025-07-30,Brandon Henderson,Corporate,West,Furniture,Bookcases,Unleash Clicks-And-Mortar Paradigms,1231.07,8,0.48,-45.78
ca9a4649-7000-408a-a1f3-ea60beb0fe13,2025-03-24,2025-07-17,Michael Schwartz,Corporate,East,Furniture,Tables,Enable Granular Systems,822.81,9,0.12,-34.25
509eb53d-ca79-4d83-9079-a062b3a3779d,2025-03-03,2025-06-22,Arthur Jenkins,Consumer,Central,Office Supplies,Paper,Mesh Granular Communities,314.87,7,0.32,58.61
3f444181-f763-4775-bf18-2d8c011b07ef,2023-10-07,2024-05-16,Victoria Williams,Home Office,South,Office Supplies,Labels,Evolve Out-Of-The-Box Interfaces,1175.13,10,0.4,37.54
2612b1f8-5b8b-4805-a1b8-cf06c4d62236,2025-05-29,2025-07-08,Ryan Cuevas,Consumer,South,Furniture,Tables,Disintermediate Innovative Web-Readiness,1422.15,6,0.36,39.19
68941df9-6394-4926-84e0-0102c326faa0,2023-10-10,2024-07-04,Diana Garner,Home Office,East,Office Supplies,Paper,Visualize Collaborative Paradigms,1326.7,10,0.4,-7.25
0954c106-ee4e-4f40-bb5f-fdf8f8ac3e2a,2023-10-03,2024-06-17,Barbara Owen,Corporate,South,Technology,Accessories,Implement Impactful E-Business,550.53,9,0.11,216.83
145f0732-8ccb-4cc5-a41c-b3724eddf840,2024-12-16,2024-12-29,Tara Swanson,Home Office,Central,Furniture,Bookcases,Target Intuitive Mindshare,1036.41,5,0.1,-70.74
e309b9a7-cdc1-4ee8-968d-028bd3286678,2024-06-06,2024-08-09,Jessica Daniels,Home Office,South,Office Supplies,Binders,Incentivize Clicks-And-Mortar Bandwidth,696.05,6,0.07,261.24
3d6ce5d0-480a-473e-83ed-bcbc50a288ef,2023-08-04,2023-09-02,Christy Brown,Consumer,Central,Office Supplies,Binders,Benchmark Transparent Models,844.45,10,0.25,329.8
7ec8edd1-bfe8-4d20-9635-06ee273a98a4,2023-08-09,2025-04-24,Stephanie Holt,Corporate,East,Office Supplies,Paper,Deliver Back-End Niches,1193.08,8,0.07,137.74
e5bb91e5-1ec8-46e0-b2bd-28b4c7f75a25,2023-07-17,2024-02-23,Bryan Rasmussen,Consumer,Central,Furniture,Bookcases,Deploy Sticky Synergies,254.98,3,0.43,202.97
c6622ba3-bb1e-4f33-a60a-25e693b11719,2024-05-07,2025-06-14,Christopher Anderson,Corporate,Central,Technology,Accessories,Brand Bleeding-Edge E-Commerce,561.81,5,0.25,371.26
d38f0b73-aa7e-4ebb-b05c-294732f7fef4,2025-06-14,2025-07-16,Teresa Carrillo,Home Office,West,Office Supplies,Paper,Engage B2C Content,401.23,9,0.42,39.67
05d2cf7b-372f-4495-b845-c9ce7f507d56,2023-12-13,2024-05-08,Natalie Mueller,Consumer,South,Furniture,Tables,Evolve Efficient Info-Mediaries,39.07,8,0.1,-111.99
6fdbbb02-3754-4ad0-b752-ee90d9cfc92e,2024-08-13,2024-10-16,Michael Hudson,Home Office,Central,Office Supplies,Labels,Enhance Seamless Deliverables,1211.07,7,0.31,99.61
6b2ba430-6e2b-4a5a-a064-d331e783315a,2025-05-16,2025-06-21,Kelly Anderson,Corporate,South,Office Supplies,Labels,Transition Scalable E-Tailers,536.7,8,0.38,2.1
8c6174bc-bc98-4a40-a209-158957bda983,2024-02-19,2025-05-26,Calvin Welch,Corporate,West,Office Supplies,Labels,Incentivize Bricks-And-Clicks Roi,1085.9,3,0.28,-145.33
8392d4e7-f007-444a-80f2-acc4ccc7e56b,2024-10-18,2025-06-06,Joshua Paul,Home Office,Central,Office Supplies,Labels,Incubate Extensible Experiences,534.12,6,0.11,253.25
ac6b980a-c7d8-4880-b88d-f7c7df4d014a,2024-07-27,2025-03-22,Jennifer Moody,Home Office,West,Office Supplies,Paper,Exploit Granular E-Commerce,186.34,7,0.43,194.51
80a023b8-5bd6-446f-abe9-fd53b699d7c0,2025-03-02,2025-03-09,Scott Schaefer,Home Office,South,Furniture,Bookcases,Maximize Customized Systems,1362.11,10,0.36,-137.23
d601fb99-5d16-485d-80dd-aeb1e29dc08d,2023-10-21,2024-04-06,Dominic Cooper,Consumer,East,Furniture,Bookcases,Implement Web-Enabled E-Services,1393.9,5,0.31,25.1
d7e0b1d6-623f-45c5-968e-8f34f298d6f3,2024-11-03,2025-01-31,Carl Vasquez,Consumer,Central,Office Supplies,Labels,Synthesize Granular Web-Readiness,1202.6,1,0.34,132.78
7dbcbc1c-2c5d-4fc4-a862-ecbc4aff36e3,2025-01-03,2025-05-31,Amy Fry,Corporate,West,Technology,Accessories,Grow Best-Of-Breed E-Markets,682.09,3,0.33,223.38
e46b70e9-9cea-44e5-86b0-ef173ba332af,2024-04-19,2024-06-05,Andrew Johnson,Consumer,Central,Technology,Copiers,Harness Open-Source Supply-Chains,523.99,10,0.5,161.62
c6036fba-d09d-4b24-981d-f3f2e8db6754,2023-08-05,2025-01-05,Lisa Leonard,Corporate,Central,Furniture,Chairs,Facilitate Granular E-Markets,386.63,7,0.44,-66.77
781718e4-d374-45ab-b605-f329c120bcf7,2024-06-29,2025-01-12,Mario Jones,Consumer,South,Office Supplies,Binders,Streamline Granular Web-Readiness,338.91,10,0.24,338.93
f15e16b1-23f4-49ff-8b95-913889b96fc5,2024-06-05,2024-11-04,James Santana,Corporate,South,Technology,Phones,Deliver Ubiquitous Infrastructures,120.65,9,0.02,389.82
e76d0293-0f8f-4d1a-b394-59955ac1b424,2023-08-21,2025-07-18,Shane Hicks,Corporate,East,Furniture,Chairs,Utilize Cross-Media Eyeballs,786.64,1,0.37,232.89
3b7b21a5-ac16-40dc-a82c-dd0aa3f7840d,2025-04-02,2025-06-16,Deanna Hernandez,Consumer,West,Office Supplies,Paper,Architect Mission-Critical Content,53.58,9,0.02,-58.34
7873bb67-9f44-4c8a-9576-2bdd3deeca7d,2025-04-22,2025-04-28,Patricia Diaz,Corporate,South,Furniture,Bookcases,Unleash User-Centric Interfaces,1147.95,1,0.18,261.97
05e4deba-3fcf-4bde-87e7-7618a52579ee,2023-07-29,2025-01-26,Michelle Rodriguez,Corporate,East,Office Supplies,Paper,Matrix End-To-End Portals,192.12,3,0.11,-165.48
0eb89dab-7db1-450c-b41d-be778e071e2d,2023-08-07,2025-04-30,John Jenkins,Home Office,West,Office Supplies,Paper,Empower Mission-Critical Markets,1274.96,8,0.31,-184.78
d60b6f67-148f-43e4-93de-5e919eb275d3,2023-09-07,2025-01-18,Erika Clark,Corporate,East,Technology,Accessories,Transition Customized Eyeballs,874.03,4,0.47,238.6
ff296cf4-3d1b-419d-baaf-cfa2a3c93109,2025-04-05,2025-04-09,Craig Hendricks,Home Office,West,Furniture,Bookcases,Morph Sticky Applications,620.36,7,0.05,235.97
b8625f69-ac0c-4242-ac67-1afdd0a0400d,2024-10-15,2025-01-25,Brandon Miller,Corporate,Central,Furniture,Chairs,Harness Clicks-And-Mortar Experiences,1411.76,3,0.21,98.94
e051a175-a73b-480b-a8b0-cde5eb67fb9b,2025-02-23,2025-03-18,Danielle Brooks,Consumer,East,Furniture,Bookcases,Morph Ubiquitous Applications,174.58,2,0.05,-4.07
fde10ead-8f82-48bd-af83-968ab7e9bbd7,2024-05-06,2024-07-05,Amanda Hancock,Corporate,West,Furniture,Tables,Unleash Cross-Media Systems,1100.37,7,0.38,41.92
b9c6fac3-d0d6-4c48-baa0-b561a5db02eb,2025-06-06,2025-07-10,Mark Jenkins,Corporate,West,Office Supplies,Labels,Syndicate Vertical Web-Readiness,1223.72,9,0.04,133.29
57df908c-07a1-40c7-82a6-8e61a7594482,2025-04-18,2025-05-17,Suzanne Garcia,Corporate,South,Furniture,Tables,Harness End-To-End Vortals,848.82,1,0.48,65.41
9c0d5980-816e-4903-a53e-a1f35be8f6b8,2024-05-23,2025-03-31,Shelia Curry,Corporate,South,Office Supplies,Binders,Synergize Customized Platforms,1460.07,9,0.44,163.4
387058d8-cf72-4809-8ab8-ce08d53e6d1c,2025-05-09,2025-07-05,Nancy Ryan,Home Office,South,Office Supplies,Binders,Morph Dot-Com Bandwidth,523.91,2,0.46,53.86
4a5467b1-5daf-43dd-a6ff-57d6bfdd3b63,2024-06-12,2024-09-26,Michelle Valenzuela,Consumer,Central,Technology,Accessories,Incubate Front-End Supply-Chains,915.18,2,0.39,216.93
64fd37c8-f5f4-4e5b-9017-54437ab83547,2025-02-03,2025-03-18,Larry Walker,Consumer,East,Office Supplies,Labels,Grow End-To-End Technologies,252.14,3,0.05,67.85
63f9a254-4233-4a64-a479-656120658dc3,2024-01-04,2024-12-30,Cynthia Chen,Consumer,Central,Furniture,Tables,Syndicate End-To-End Metrics,26.2,2,0.14,-196.72
377128d0-3124-4caf-a92d-4b5ce6394d21,2023-09-19,2024-01-31,Mrs. Sara Carlson MD,Consumer,East,Office Supplies,Labels,Aggregate Bricks-And-Clicks Partnerships,756.63,8,0.28,7.66
7cee63e2-d020-4298-a4aa-ff00be8a06cd,2024-11-22,2025-07-18,Rebecca Osborne,Corporate,West,Technology,Accessories,Engineer Dynamic Infrastructures,216.2,5,0.26,-98.41
02fb0dde-5196-4be5-a109-b62a6d5ed059,2025-02-15,2025-06-14,Patrick Contreras,Home Office,Central,Furniture,Tables,Engage Interactive Vortals,902.42,10,0.15,193.64
a8b0cfb8-c3c2-4391-af33-eaf0521dcf07,2023-12-19,2025-07-07,Nichole Reid,Home Office,West,Furniture,Tables,Integrate Interactive Networks,779.81,7,0.5,-170.89
a6cc4d5c-26df-4c08-8d9d-952a2df92cb5,2025-02-17,2025-05-06,Tiffany Hernandez,Home Office,West,Technology,Phones,Re-Contextualize Bricks-And-Clicks Portals,127.33,3,0.37,245.59
528c3c2e-392f-42d9-a3b9-c3fdd77f81f7,2024-07-08,2024-08-15,Roger Simpson,Corporate,East,Furniture,Chairs,Enhance Plug-And-Play Experiences,1449.64,3,0.25,340.19
08b465a3-8ee1-4c0f-b202-87ad75624fd4,2024-10-11,2024-11-02,Melissa Clark,Consumer,East,Office Supplies,Binders,Re-Contextualize Scalable Channels,910.91,5,0.16,2.55
dff2dda3-e185-433a-a5e4-3daa4782a32a,2024-01-06,2024-03-15,Paul Jackson,Consumer,Central,Office Supplies,Binders,Architect B2C Technologies,879.65,9,0.02,-164.54
f9db8099-37f7-4f34-84ec-a10ec9e6915f,2025-01-08,2025-02-06,Johnny Cole,Home Office,Central,Technology,Accessories,Iterate Rich Initiatives,16.17,5,0.37,342.55
c5bae4a4-cc71-41df-b302-f8f2b006a19b,2025-05-01,2025-07-17,Mr. Jared Mitchell DDS,Consumer,South,Office Supplies,Paper,Visualize 24/7 Functionalities,568.49,8,0.17,159.3
4e584186-e4cc-4f5e-8c79-e43ed1f4c147,2024-12-22,2025-03-27,Elizabeth Martinez,Consumer,East,Furniture,Bookcases,Syndicate Impactful Roi,735.04,10,0.13,294.09
7d3aa5ed-2ab0-47b8-9a8e-6689035cf20b,2024-04-30,2024-11-13,Matthew Wright,Corporate,Central,Office Supplies,Binders,Transition Turn-Key Systems,743.01,9,0.22,113.1
0528575e-0657-4e5a-87de-e5d8375296a2,2023-09-29,2024-01-15,Tanya Rogers,Home Office,South,Furniture,Tables,Syndicate Synergistic Models,741.61,8,0.42,231.36
a36c04a1-f98c-4701-8d10-1c00468d6599,2023-10-15,2025-07-18,Monica Burgess,Corporate,West,Furniture,Bookcases,Unleash Robust Supply-Chains,1198.29,2,0.26,292.49
9f2c5b9a-5c42-4c8a-b56d-73377c5a734e,2024-04-15,2025-03-30,Elizabeth Jackson,Corporate,Central,Furniture,Bookcases,Reinvent Granular Deliverables,1067.16,7,0.36,281.06
6929d62b-5b93-4c7a-9239-e980bba7fd49,2024-10-22,2025-06-10,Victor Serrano,Consumer,East,Office Supplies,Paper,Exploit Enterprise Convergence,1243.07,2,0.46,-16.11
4f48e150-9980-44ce-bf5a-014598741f95,2025-03-25,2025-07-09,Jennifer Foster,Home Office,South,Technology,Accessories,Innovate Leading-Edge Convergence,802.16,3,0.13,212.47
a2937077-4e93-4eaf-99ec-2aa2951618ac,2025-05-30,2025-05-30,Regina Klein,Home Office,West,Furniture,Chairs,Mesh World-Class E-Markets,1151.7,3,0.19,-76.97
75880a79-1c18-43bd-aa3a-1c9c4849f648,2025-02-06,2025-03-29,Erica Hoffman,Consumer,South,Technology,Accessories,Deliver Bleeding-Edge Vortals,24.22,8,0.12,25.31
1a642ac1-c8e3-47b0-9a12-7b1af98150f7,2024-06-23,2024-11-21,Kimberly Perez,Consumer,Central,Furniture,Chairs,Incubate Efficient E-Commerce,694.31,9,0.01,199.09
c7ef4391-d302-4d8b-bacf-80810eba390f,2025-01-22,2025-07-28,Lisa Brown,Consumer,South,Technology,Copiers,Transform Distributed E-Markets,855.3,10,0.06,180.05
39083524-a8bb-4065-8bac-bb16dc53f624,2024-10-06,2024-10-14,Lisa Arroyo,Consumer,West,Office Supplies,Binders,Utilize 24/7 Mindshare,18.28,5,0.19,-81.11
1978b12a-262d-4ab0-8df4-c65b5462db33,2024-11-21,2025-06-07,Christopher Rice,Home Office,South,Technology,Copiers,Empower Efficient Bandwidth,1269.0,1,0.31,361.09
1fdf6aad-5373-4468-8a34-e6a8524150d6,2025-05-25,2025-06-10,Joseph Duarte,Consumer,South,Furniture,Chairs,Incentivize Customized Convergence,27.81,10,0.33,337.11
af73db7e-e508-4baf-8ab3-9b2ed59f7142,2024-06-21,2024-10-21,James Chavez,Consumer,West,Technology,Copiers,Architect Innovative Content,770.11,7,0.39,118.29
9c975f80-334a-4080-9bf6-7430b95d118f,2024-12-13,2025-03-12,Maria Cox,Corporate,South,Furniture,Chairs,Maximize Real-Time E-Commerce,16.71,5,0.24,61.42
38813639-8b2f-4825-8fab-f3640bfdd50e,2024-10-19,2025-05-22,Ashley Jarvis,Home Office,East,Furniture,Tables,Reinvent One-To-One Relationships,399.56,10,0.4,-18.26
c1e07aaa-8d13-4941-8a04-1516fa047fa4,2025-05-26,2025-06-03,Ashley Smith,Corporate,West,Office Supplies,Paper,Optimize Ubiquitous Relationships,547.11,7,0.26,68.2
893da9b1-da85-41ff-8b57-a0baf7529316,2023-11-22,2023-12-01,Jonathan Pugh,Consumer,South,Office Supplies,Binders,Aggregate Killer Synergies,201.53,10,0.06,-28.26
d8541744-4ed4-4b9e-bcc5-3636b5a9ce21,2024-02-08,2024-07-11,Don Watkins,Corporate,Central,Technology,Copiers,Leverage 24/7 Channels,1286.47,10,0.28,-27.64
9d36ec22-96b3-48b4-a1fb-b8edc2d29f17,2024-12-28,2025-04-16,Kevin Rios,Consumer,West,Office Supplies,Labels,Synthesize Frictionless Web-Readiness,950.94,9,0.49,270.7
885b6e56-6e15-4660-b71b-2b87ead5bc58,2024-11-02,2024-12-10,Kathryn Garcia,Home Office,West,Technology,Copiers,Matrix Innovative Technologies,143.0,10,0.14,152.69
e921093c-84da-45b5-a40e-61df47604127,2025-03-01,2025-03-21,Billy Price,Corporate,Central,Technology,Copiers,Unleash One-To-One E-Business,1368.91,6,0.21,214.98
2d6b9bca-5bf4-4c2f-9918-c29d4d6bc251,2025-03-31,2025-04-12,Robert Preston,Corporate,Central,Technology,Accessories,Disintermediate Revolutionary Convergence,33.74,2,0.34,388.09
8118d723-cd46-415c-bc03-0b94b9ef2316,2024-01-13,2025-02-06,Ashley Pierce,Consumer,East,Technology,Accessories,Deliver Front-End Roi,478.87,4,0.15,-126.73
3117b02d-efe7-423c-a417-0e1ba51d2da4,2024-06-24,2025-05-06,Sergio Brown,Consumer,Central,Technology,Accessories,Envisioneer Interactive Mindshare,1214.39,3,0.0,111.4
574c1675-3003-48d7-b797-37269ac0fbd8,2025-01-28,2025-02-01,Paul Wheeler,Consumer,South,Furniture,Chairs,Evolve Bricks-And-Clicks Networks,716.52,2,0.32,3.25
9cbb890c-1e7a-493f-a8ca-51993d3f7b62,2023-11-24,2024-10-04,Devin Martin,Home Office,South,Office Supplies,Labels,Scale Efficient Paradigms,548.1,4,0.42,287.35
1c6bf722-b22d-4fbe-8133-35dfb45d43c0,2025-01-29,2025-05-28,Sharon Lewis,Corporate,West,Office Supplies,Binders,Matrix Web-Enabled Interfaces,27.9,9,0.17,107.22
9db9a991-078f-4f6b-a227-29456a8dd7b6,2024-04-29,2024-08-30,Mrs. Connie Cisneros,Home Office,South,Furniture,Chairs,Seize Customized Supply-Chains,560.23,7,0.13,257.12
76b0b62d-ad15-480f-a4cb-4fc7c4018263,2024-07-28,2025-06-13,Lisa Russo,Corporate,South,Office Supplies,Labels,Grow Global Experiences,998.61,9,0.38,272.34
98e3aab8-4032-4bb1-9489-4ef065b47fc0,2025-04-21,2025-05-31,Christopher Gomez,Home Office,East,Furniture,Bookcases,Deploy One-To-One E-Commerce,1233.65,10,0.28,125.47
43980448-3fcf-4b9a-8e20-ee37657f04ea,2025-03-03,2025-05-20,Cheryl Carter,Home Office,East,Office Supplies,Binders,Engineer World-Class Mindshare,525.79,2,0.07,368.74
6ed377fd-4f38-44a4-bf9c-1f5ec67bdbb8,2025-03-30,2025-06-28,Michele Simmons,Corporate,West,Furniture,Bookcases,Visualize Strategic Roi,1127.69,9,0.23,208.65
bbcd3258-2630-4dfc-9ea9-f70f57dfa3b4,2025-03-20,2025-06-01,Tanner Andrews,Home Office,East,Office Supplies,Binders,Harness Transparent Experiences,686.93,4,0.45,173.79
1e3207ba-dec0-4ee3-ad32-2fe3807ed0f1,2024-08-18,2025-05-11,Sarah Elliott,Consumer,Central,Furniture,Bookcases,Facilitate Strategic Functionalities,894.49,4,0.15,238.5
32957163-d6e8-43e7-b783-4f20ef375dab,2024-06-15,2025-04-06,Brian Turner,Consumer,East,Office Supplies,Labels,Drive 24/365 Action-Items,451.79,10,0.32,-166.44
08c930f1-bc9c-43b4-8e33-b3dd6fca617f,2024-05-28,2024-09-28,Thomas Moreno,Home Office,West,Technology,Accessories,Benchmark Strategic Communities,1001.29,2,0.38,-53.15
90dce5ad-a403-4be0-a987-8d93d291645f,2023-11-16,2024-04-12,Jessica Johnson,Home Office,West,Office Supplies,Paper,Iterate Visionary Markets,1336.01,8,0.3,268.33
8ffb0d7b-ad37-468a-873a-d45b13547149,2024-10-28,2025-02-02,Stephanie Schaefer,Home Office,West,Furniture,Chairs,Deploy Wireless Users,904.38,4,0.3,326.11
972aa22c-4221-4c41-a9c9-b88686ae8375,2025-04-13,2025-05-08,Hannah Jordan,Home Office,Central,Office Supplies,Paper,Harness Seamless Markets,671.17,1,0.01,22.85
c25f8a58-a6d6-403d-98c2-fff8c27fd55d,2024-02-01,2024-05-04,Zachary Shannon,Home Office,Central,Technology,Copiers,Disintermediate Virtual Partnerships,261.99,6,0.48,-190.7
5dbbf76a-db94-43f9-9296-33700b2bace6,2023-08-15,2024-02-24,Ashley Reynolds,Home Office,South,Technology,Phones,Engineer Sticky Users,860.3,1,0.17,-98.59
b715e08e-d1f3-41d4-8694-e13dad110db9,2024-11-12,2025-02-02,Zachary Murphy,Home Office,South,Office Supplies,Binders,Enhance Dot-Com Users,1474.99,2,0.34,-112.32
a7901544-5451-459a-86be-2c71b3368959,2024-08-21,2024-12-04,Sonya Smith,Home Office,Central,Office Supplies,Binders,Generate B2B Content,1036.46,8,0.15,-87.54
f8abaa5a-2cb4-4277-b54e-ce5419df6311,2025-01-05,2025-03-02,Anthony David,Corporate,East,Office Supplies,Binders,Architect Compelling Portals,565.76,2,0.43,181.8
05a13988-9e0e-4e75-8ebe-701fb53253cc,2025-03-08,2025-04-17,David Jones,Corporate,Central,Technology,Phones,Syndicate Cutting-Edge Initiatives,967.84,7,0.5,166.26
64770a61-bb4a-4f45-a41b-12b684f02c6c,2025-02-04,2025-06-23,Brenda Dyer,Consumer,Central,Technology,Phones,Evolve Ubiquitous Platforms,573.94,1,0.0,132.36
81a3f092-52e9-4c9a-952d-8772eb1ad56f,2023-12-28,2024-11-17,Karl Evans,Home Office,Central,Office Supplies,Labels,Engage Ubiquitous Deliverables,476.88,1,0.12,-138.05
964b895b-a084-4c63-b1db-07891402aa0f,2024-04-05,2024-11-29,Cody Burgess,Corporate,West,Technology,Phones,Strategize Granular Paradigms,1464.35,9,0.1,203.54
163de53e-d50e-4257-8e6b-275ea1a06dbe,2025-02-14,2025-06-15,Derek Martin,Corporate,Central,Furniture,Tables,Repurpose Frictionless E-Tailers,699.4,7,0.16,116.59
f4a782bd-7c91-4173-9f5d-8f29ac511eda,2025-05-02,2025-05-03,Henry Stewart,Consumer,South,Furniture,Chairs,Optimize Visionary Info-Mediaries,1238.42,8,0.48,165.49
271c66d1-58fe-46c8-a2b2-ee26d050bbe1,2024-11-18,2025-03-13,Andrea Wilson,Corporate,South,Technology,Accessories,Engage Collaborative Web-Readiness,1202.17,4,0.24,294.88
a8c04c64-db8c-487f-9582-a06461719f31,2024-10-27,2025-01-04,Scott Allen,Consumer,West,Furniture,Bookcases,Synergize Impactful Channels,957.89,2,0.02,135.03
514047bd-c9b9-464e-b3b6-3cb3ac22ce2c,2025-01-14,2025-01-14,Christopher Bruce,Consumer,South,Technology,Phones,Empower Out-Of-The-Box Supply-Chains,37.0,3,0.0,-119.67
338582c7-ec9c-4fc3-8cb9-c67b3fdfb8b9,2023-11-23,2023-12-22,Richard Johnson,Consumer,Central,Office Supplies,Labels,Innovate Impactful E-Markets,147.08,3,0.09,-191.42
f8f93302-4d9a-4bdd-b0bc-8dc681f8a42c,2025-02-19,2025-05-25,Lori Hood,Corporate,Central,Technology,Phones,Utilize Vertical Experiences,465.06,1,0.04,112.89
c4794088-16a0-423e-9b26-bbb3c77d0ff9,2025-03-04,2025-05-18,Madison Goodwin,Consumer,Central,Office Supplies,Paper,Exploit Bleeding-Edge Web-Readiness,179.61,10,0.14,325.15
b9b45d23-3b13-446a-9a2b-958e52ef5ffe,2025-05-01,2025-05-23,Shirley Davis,Consumer,South,Office Supplies,Binders,Matrix Bleeding-Edge Relationships,571.4,2,0.28,16.07
65bfae52-6cb0-4cb1-92d2-c53bcd8dc12f,2023-10-11,2024-02-16,Melissa Miller,Consumer,West,Technology,Copiers,Empower E-Business Models,174.87,3,0.46,222.12
cbb96bfe-4cef-4bd1-8465-b0ae6b96aaf7,2024-08-28,2025-02-18,Alexis Coleman,Corporate,East,Technology,Accessories,Envisioneer Rich E-Tailers,1130.6,9,0.48,-116.7
8d60c535-3c5c-4fad-a6bc-37a5c7c3007a,2024-06-16,2024-09-26,David Rogers,Home Office,East,Technology,Phones,Engineer Revolutionary Experiences,1486.09,10,0.27,43.39
d7e3bb97-a4ef-4322-be45-485c34e4ccce,2024-03-02,2024-09-11,Daniel Valenzuela,Home Office,West,Furniture,Bookcases,Monetize Open-Source Relationships,270.78,2,0.32,356.16
6ab4112e-525b-4144-98a8-ff2e8e7a476a,2023-09-17,2024-05-04,Hailey Tran,Corporate,Central,Office Supplies,Binders,Enhance Frictionless Schemas,652.59,6,0.38,-138.72
3bc89d60-9730-426e-bd39-df3beae6a15f,2025-05-18,2025-06-15,Nicole Rivera,Consumer,West,Office Supplies,Paper,Architect Transparent Functionalities,1295.3,2,0.29,-35.73
7fe581f7-b645-4ec6-9b9b-941d49f74e53,2024-08-24,2024-09-19,Lauren Obrien,Home Office,South,Furniture,Bookcases,Optimize Leading-Edge Architectures,590.63,2,0.45,-147.24
cef01ec8-503e-407a-81c5-4577482b450c,2024-02-21,2024-05-22,John Anderson V,Corporate,West,Furniture,Bookcases,Deliver Magnetic Methodologies,353.44,10,0.42,106.39
1405c77a-dbd0-4343-ae85-882a6357d1b1,2024-11-23,2025-04-07,Gregory Rasmussen,Consumer,West,Office Supplies,Binders,Embrace Granular Partnerships,872.37,8,0.3,369.31
adcf5fa7-9822-40cb-9d80-f0c2444e9493,2025-04-15,2025-07-29,Danielle Benton,Corporate,Central,Furniture,Chairs,Repurpose Innovative Bandwidth,655.39,4,0.39,23.82
b40d330a-8670-4d3b-9a72-4be606ff1b55,2025-03-17,2025-05-04,Tammy Garcia,Consumer,West,Technology,Accessories,Deliver Holistic Relationships,284.96,4,0.15,74.91
7a6684ee-2a69-4b42-9a93-d32c5f413c40,2024-06-18,2025-07-05,Victoria Hurst,Consumer,East,Furniture,Bookcases,E-Enable Visionary E-Markets,977.92,9,0.4,357.91
b03fcd1f-0644-4a66-81f3-6649d7510ebc,2023-11-03,2024-03-01,Brian Alvarado,Home Office,East,Furniture,Chairs,Streamline Leading-Edge Supply-Chains,949.76,1,0.16,156.13
a829a118-a56a-4655-afd1-ea6331cf69d0,2024-10-14,2025-04-27,Daniel Burns,Home Office,Central,Furniture,Tables,Facilitate Killer Models,907.86,5,0.03,238.42
79d2146a-2a14-4396-ac71-906a38b0ec0d,2024-01-16,2024-04-28,Diane Cunningham,Consumer,South,Office Supplies,Paper,Embrace Holistic Action-Items,1082.2,1,0.22,-123.03
3f7e5ae6-2b81-4207-9655-d7fce89da3c5,2024-02-11,2025-05-07,Daniel Hudson,Home Office,West,Technology,Accessories,Innovate Open-Source Paradigms,892.42,3,0.03,-185.81
f6e00657-da11-4a31-b610-07af2c713b9b,2024-02-06,2025-03-31,Alexander Johnson,Corporate,Central,Technology,Accessories,Benchmark Vertical Functionalities,1219.11,6,0.05,11.24
f9fa3f17-cc1b-4835-a0ae-9d2de05d558a,2023-08-06,2024-05-05,Deanna Parks,Home Office,Central,Office Supplies,Labels,Seize Cutting-Edge Platforms,1367.07,4,0.26,114.58
52e66f25-7478-4440-a08c-fb62fa6cab50,2024-12-04,2025-03-17,Kristin Diaz,Corporate,Central,Office Supplies,Binders,Integrate Open-Source Methodologies,239.02,2,0.04,-158.39
ac203c5a-5a6f-47d6-851e-f4637c05f0b7,2024-07-15,2025-01-24,Dr. David Nielsen,Consumer,South,Furniture,Bookcases,Grow Cross-Media Content,1440.29,4,0.48,73.96
9ba794ee-face-4f6b-a159-c83b79d899b5,2025-01-15,2025-01-26,Felicia Hayes,Corporate,East,Furniture,Bookcases,Incubate Synergistic Solutions,678.91,8,0.26,189.21
19b3de47-cee7-4f63-9af1-c21d5292b716,2024-02-07,2024-07-04,Mr. Timothy Wyatt,Corporate,West,Office Supplies,Paper,Transform Ubiquitous Communities,950.74,4,0.01,76.39
15853b38-9dd6-4b54-94ce-4a2e518a2623,2024-08-14,2024-12-11,Richard Huerta,Home Office,South,Technology,Copiers,Brand Proactive Communities,1173.83,2,0.47,-95.29
e355f4a2-008a-4b6b-9af3-b528ed68113d,2024-12-18,2025-06-11,Donald Moss,Consumer,South,Office Supplies,Paper,Generate Global Eyeballs,470.17,6,0.45,166.3
47826cb9-4b1a-4c8f-922a-c24028d971aa,2025-06-13,2025-06-17,Zachary Kelley,Home Office,South,Furniture,Chairs,Maximize World-Class Applications,736.06,10,0.08,-175.53
bbc7adb4-52ca-44cc-bc48-5cddcd21aa81,2023-12-12,2023-12-25,Dawn Johnson,Home Office,East,Technology,Copiers,Transition E-Business E-Commerce,64.08,6,0.38,-52.02
6995c967-4a14-4a28-aa16-2a50fff28e93,2024-01-01,2024-02-05,Victor Coffey,Home Office,West,Technology,Accessories,Synthesize Plug-And-Play Channels,331.89,1,0.01,146.13
dccaf2fb-4099-425f-a9aa-70b0e24557cb,2024-04-20,2024-10-24,Louis Brown,Consumer,West,Furniture,Bookcases,Implement 24/7 Action-Items,1321.28,3,0.38,31.81
158acf8c-0a36-4f89-b28e-a95beaece456,2024-06-01,2024-11-30,Heather Castro,Consumer,South,Technology,Copiers,Redefine Sticky Schemas,363.31,8,0.2,135.74
0947ce45-6567-4496-a933-a95c40e3adf2,2024-08-14,2025-05-18,Mr. Matthew Durham,Corporate,Central,Technology,Copiers,E-Enable B2B Technologies,264.37,8,0.38,-156.1
df46820b-9646-4fc5-bcd8-113de9b947e8,2025-05-12,2025-05-31,William Hughes,Home Office,Central,Office Supplies,Binders,Incentivize Efficient Platforms,688.3,4,0.3,-161.03
cfb3b604-9b91-4622-829c-8112a1559891,2024-11-26,2025-03-13,Mrs. Laura Snyder,Consumer,West,Office Supplies,Paper,Transform Clicks-And-Mortar Vortals,1038.55,7,0.41,35.76
20ddcf4a-f731-4d82-bbb9-7eba714a4c11,2024-03-03,2024-10-28,Ronald Carter,Consumer,East,Office Supplies,Labels,Whiteboard Innovative Bandwidth,1376.31,9,0.08,332.07
c738185a-c18e-4f14-b260-0421d9dd1aed,2023-08-15,2025-03-10,Frank Brewer,Corporate,South,Technology,Copiers,Deliver Cross-Platform Synergies,386.87,9,0.38,274.44
af9a50a6-36b3-43de-b014-0dac885e8f93,2025-05-22,2025-06-25,Bruce Castaneda,Corporate,West,Office Supplies,Labels,Utilize Seamless Functionalities,634.12,3,0.25,145.13
f9b8b7b9-64da-4b14-833b-cf7b5d0ea45c,2024-12-22,2025-07-31,Joseph Barnes,Consumer,South,Furniture,Bookcases,Disintermediate Enterprise Infrastructures,1013.81,2,0.09,384.34
35b5811a-7b6f-4061-8a11-3c5a61eb3a56,2025-01-23,2025-03-29,Madison Mccoy,Consumer,West,Technology,Phones,Utilize Efficient Platforms,849.09,2,0.26,-58.53
cdbd3cd9-a97b-4319-9e18-7f94c9871e97,2025-06-16,2025-06-26,Jacob Best,Consumer,East,Technology,Copiers,Engineer Global Roi,432.83,6,0.19,17.19
ff91c974-d0d5-492b-81b8-8123022b6086,2024-11-28,2024-12-16,Alyssa Marsh,Consumer,West,Office Supplies,Binders,Generate User-Centric Initiatives,1058.03,6,0.24,347.07
84cb00ef-bc2e-433b-920d-03ea8714f6d1,2025-02-14,2025-05-08,Rebecca Brown,Home Office,East,Office Supplies,Labels,Revolutionize Interactive Technologies,1192.19,10,0.3,-193.14
cafcb774-c57d-4d8d-9020-256a99695ddb,2023-09-01,2024-02-18,Joshua Bennett,Home Office,West,Furniture,Tables,Iterate Back-End Functionalities,504.99,2,0.27,106.89
f3515d4b-9753-4230-94f0-f9f463d40980,2023-10-26,2024-11-10,Melanie Becker,Consumer,West,Office Supplies,Paper,Morph Cross-Platform Platforms,1281.06,4,0.17,58.82
65350eb7-07ab-4f52-8183-9a44249c40dd,2024-04-12,2024-04-24,Kenneth Zimmerman,Home Office,Central,Office Supplies,Labels,Seize Sticky Web Services,1463.19,6,0.46,87.5
43e71fcd-527d-4521-85ed-8d74841e07a9,2025-04-15,2025-07-05,Tracey Davidson,Home Office,West,Office Supplies,Labels,Iterate Robust Networks,1164.26,8,0.46,-25.33
c9fad377-b357-4652-b900-7db25d0facff,2024-06-24,2024-11-29,James Orozco,Home Office,Central,Technology,Accessories,Iterate User-Centric Interfaces,1318.38,3,0.4,268.57
924c56ea-390c-4f7f-a071-18519d1c9ded,2024-02-21,2024-05-08,Kimberly Sanchez,Home Office,East,Technology,Copiers,Deploy Dynamic Vortals,762.38,9,0.23,237.26
7d492fba-9020-452f-ab1c-190a4032154d,2024-11-17,2025-05-25,Scott Pollard,Home Office,West,Furniture,Chairs,Incentivize 24/365 Applications,616.72,2,0.3,-157.13
9ffe04ab-56ac-48cf-9313-1e3a793a4d84,2024-12-18,2025-04-06,Rebecca Yang,Home Office,East,Technology,Copiers,Generate Extensible Deliverables,1049.64,9,0.22,-119.78
bc5c4972-705e-47ef-a9d3-629b5e10c127,2024-09-23,2025-03-30,Donald Carter,Consumer,West,Technology,Accessories,Drive Open-Source Initiatives,91.24,3,0.42,69.15
3d44a075-7981-4e2f-a286-0ae7398b40c0,2024-04-15,2024-08-05,Kim Smith,Corporate,West,Furniture,Tables,Envisioneer Next-Generation Niches,568.46,10,0.27,256.49
775aa1e2-826f-4f3a-b0d9-07264eb26df5,2024-06-04,2025-07-08,Bruce Freeman,Corporate,East,Office Supplies,Paper,Envisioneer Magnetic Users,920.64,1,0.19,359.91
a71f81e0-3385-41f2-8a71-8a511e4f9731,2024-01-30,2025-06-14,Michael Conley,Consumer,South,Technology,Copiers,Cultivate E-Business Solutions,1233.61,1,0.45,26.33
174915bd-a136-40a1-b725-d050f96beb6c,2024-09-08,2024-10-30,Tom Cruz,Consumer,Central,Furniture,Tables,Streamline Real-Time Markets,225.93,7,0.11,-199.52
2c7757da-5db1-4cd9-874c-95d2d64aad58,2024-08-01,2025-06-11,Erik Edwards,Corporate,Central,Technology,Copiers,Revolutionize Scalable Applications,550.72,3,0.07,-35.97
8e0a0adb-74e8-4d54-8105-e994810d4c15,2025-04-01,2025-05-09,Amber Reyes,Home Office,Central,Furniture,Chairs,Engage Scalable Web Services,900.84,8,0.27,-77.03
41d3442f-72a1-43f4-906e-621b44b1ea2a,2024-12-19,2025-04-13,Jessica Johnson,Home Office,East,Furniture,Tables,Seize Proactive Functionalities,337.3,8,0.19,50.2
4db818dd-a403-4697-9115-c0fe49f271f0,2023-11-27,2024-04-26,Robert Wiley,Consumer,Central,Office Supplies,Binders,Monetize Scalable Schemas,564.69,10,0.09,-101.6
a3c2a9e0-5525-47f4-8226-29517cbad1c0,2024-05-19,2024-09-11,David Briggs,Consumer,West,Furniture,Bookcases,Cultivate 24/7 Methodologies,1156.5,3,0.19,213.01
6a0856f7-8141-488d-97cd-30c05de17bcd,2024-10-17,2025-01-30,Michael Greer,Corporate,South,Office Supplies,Labels,Syndicate Intuitive Action-Items,1102.65,3,0.23,300.03
122e79f0-18b3-47cc-898c-dc45e4762ed1,2025-04-01,2025-06-13,Debbie Wise,Home Office,South,Technology,Accessories,Seize Leading-Edge Models,1042.03,3,0.37,206.95
cea960b4-2699-49a5-b2f6-cd7bb05dadd1,2024-11-05,2025-04-23,Kent Rodriguez,Corporate,East,Technology,Copiers,Innovate Sticky Metrics,893.01,5,0.25,256.16
42903403-6f94-47d9-9ca4-0acfba733e1c,2023-11-04,2024-01-18,Christopher Bryant,Home Office,East,Technology,Phones,Incubate Compelling Infrastructures,134.19,6,0.15,393.02
2c716139-f290-4172-ab1b-364fcb794e42,2023-08-30,2024-02-02,Brenda Jones,Corporate,South,Technology,Phones,Enhance Innovative Initiatives,1417.27,1,0.43,30.63
75d14d0f-1b34-4062-9e89-bc8cddd9c936,2024-06-02,2024-09-10,Matthew Dawson,Home Office,East,Furniture,Tables,Transform Seamless Eyeballs,1019.68,7,0.1,188.97
0ddedf93-64dd-44b7-a642-9317d4cebc7b,2024-08-21,2024-12-11,Rebecca Perkins MD,Consumer,West,Office Supplies,Labels,Evolve Customized Architectures,481.21,9,0.39,365.8
689a0571-6972-476c-9088-af36e096b682,2025-05-13,2025-05-18,Alice Rich,Home Office,South,Office Supplies,Labels,Embrace 24/365 E-Tailers,1243.19,9,0.19,-190.54
37d5fcf4-93d4-4318-be00-152149f3005d,2023-11-10,2024-01-04,Brandon Williams,Consumer,East,Technology,Accessories,Expedite Customized Paradigms,729.11,7,0.05,-166.77
9cc91db7-78f7-4888-a2f0-eff5c61d3931,2024-09-12,2025-02-28,Nathan Bush,Home Office,South,Technology,Phones,Enable Distributed Eyeballs,284.38,1,0.41,395.33
ead7f82c-7fdb-46e2-9dfc-76f63173d37d,2024-05-15,2024-06-04,James Larsen,Corporate,West,Office Supplies,Paper,Transition Wireless E-Commerce,785.96,5,0.18,-144.89
6c89ed7d-5253-4360-8556-91b43f54aeb0,2024-03-30,2024-10-13,Gina Mccormick,Home Office,West,Technology,Accessories,Transition Synergistic Vortals,811.3,1,0.17,53.18
0ced231b-5155-4baa-8413-c73c9ad6413e,2024-08-27,2025-06-12,Thomas Ibarra,Home Office,West,Office Supplies,Paper,Seize Robust Synergies,1300.75,2,0.39,-18.42
0c75694d-d106-4d42-9718-73a0f82c3345,2025-06-05,2025-07-01,Brandi Rice,Corporate,East,Furniture,Chairs,Optimize Intuitive Info-Mediaries,15.8,4,0.22,291.59
2d562ced-e722-40ea-9a83-c42655f79057,2025-02-09,2025-06-14,Dennis Haynes,Consumer,West,Technology,Phones,Evolve Value-Added Roi,373.74,3,0.15,92.39
0417bfea-a682-43f5-a30d-b46e0f53c882,2025-04-17,2025-05-16,Patrick Brady,Corporate,Central,Furniture,Bookcases,Grow Open-Source Users,168.21,2,0.5,18.69
63a27842-3a3a-4d7a-947e-2494914dd34c,2025-05-24,2025-07-07,Shannon Hale,Home Office,West,Technology,Phones,Whiteboard Rich Supply-Chains,636.35,9,0.27,303.54
06227715-7e8c-42ef-bdb6-38e68e2c3c00,2023-10-03,2024-12-26,Sean Hill,Consumer,South,Technology,Copiers,Monetize Integrated Niches,1386.99,4,0.19,28.56
662ab81a-4086-4e86-990a-cd65fe64b4ec,2023-11-04,2024-07-01,Michael Lopez,Corporate,Central,Technology,Phones,Facilitate Bleeding-Edge E-Business,1003.93,1,0.44,-170.55
66f1e904-cc50-4405-bbc3-33b4d02c0436,2024-10-25,2024-10-31,Blake Parker,Consumer,West,Office Supplies,Paper,Maximize Integrated Relationships,979.45,9,0.0,324.34
67ce0eb0-67e1-46ee-840b-b4d0bd5d2ced,2024-09-19,2025-03-29,William Henry,Corporate,East,Furniture,Chairs,Leverage Turn-Key Systems,136.13,8,0.47,241.77
ebd92d54-4d76-4d81-a545-441bce256993,2024-04-12,2024-04-14,Kyle Crawford,Home Office,South,Furniture,Chairs,Maximize Interactive Solutions,1380.25,1,0.34,398.49
ba782615-9d10-424c-8880-6f9e73f5097d,2024-06-27,2025-03-22,Selena Hart,Home Office,Central,Technology,Accessories,Unleash Value-Added Markets,351.44,7,0.39,332.04
618aca3f-bcab-4abd-9d8f-c6da66637667,2025-05-02,2025-07-14,Christopher Vaughn,Home Office,Central,Office Supplies,Paper,Grow End-To-End Schemas,287.83,9,0.3,362.88
caaae9fd-5f7d-4f25-a222-8691be0ceb66,2024-08-28,2024-11-15,Marcus Mayer,Consumer,Central,Office Supplies,Labels,Morph 24/365 Convergence,1367.84,10,0.06,361.02
b9fe1031-a2d0-4147-a60c-c43d4ea8e968,2024-05-01,2025-02-27,Gregory Gentry,Home Office,Central,Technology,Copiers,Re-Contextualize Customized Synergies,142.67,6,0.41,228.25
ca58bfd1-69a7-4ac2-a878-3be2fcf2f576,2024-07-19,2025-05-25,Ashley Gill,Corporate,South,Office Supplies,Binders,Repurpose Efficient E-Tailers,101.65,8,0.37,-117.6
34f134a3-a374-460c-965b-06ddf4ecd09f,2023-09-03,2024-09-04,Shirley Davis,Consumer,West,Technology,Accessories,Unleash World-Class Models,298.09,10,0.23,179.21
56459269-bbc1-4d42-8c0d-57332f97e055,2024-01-26,2024-12-12,Alejandra Washington,Corporate,Central,Technology,Copiers,Matrix Proactive Synergies,844.3,8,0.05,279.29
cd43a006-ab99-436e-bb61-9a04e941286c,2024-12-27,2025-01-29,Joel Austin,Consumer,East,Furniture,Tables,Embrace 24/7 Paradigms,1093.59,3,0.3,-95.02
b73f2b85-fa8f-4b26-8203-85a56375fea9,2024-11-04,2025-07-11,Kimberly Hernandez,Consumer,East,Office Supplies,Labels,Engage Bleeding-Edge Users,1009.76,10,0.21,-130.04
9cd97aaf-995d-4d13-9951-f221b2ba469f,2025-01-25,2025-02-17,Kim Mccarty,Corporate,South,Technology,Copiers,Architect Distributed Methodologies,1340.67,10,0.2,-26.76
8fabaa91-30d4-4a1d-9d47-55e0a01de592,2024-12-18,2025-05-23,Douglas Bailey,Corporate,West,Office Supplies,Paper,Generate Cutting-Edge Bandwidth,1358.88,9,0.15,208.31
9cce728e-3527-4bce-9097-c72233ab7cc1,2023-11-08,2025-05-24,Nicole Wilson,Home Office,West,Office Supplies,Labels,Deliver Interactive Synergies,610.17,5,0.07,244.84
6d462566-74b5-46ea-8b3a-8534e8c657fe,2024-08-23,2025-05-28,Daniel Duncan,Home Office,East,Office Supplies,Paper,Transform One-To-One Channels,1460.22,2,0.26,186.77
80c9cc63-4e84-4816-8a25-4388db1f2d8e,2025-01-13,2025-04-25,Steven Cunningham,Consumer,East,Furniture,Chairs,Generate Cross-Media E-Tailers,1374.08,8,0.18,218.22
df3c8808-7579-489c-b41b-ba3146fc6cef,2024-05-14,2024-10-28,Nicole Love,Home Office,West,Technology,Phones,Mesh Granular Action-Items,1492.75,9,0.39,-15.94
395afa28-ec52-4937-8364-7791e87b87b1,2024-03-22,2024-06-28,Kelly Miles,Corporate,Central,Office Supplies,Paper,Transition Transparent Infrastructures,366.3,6,0.31,0.46
c379d148-cb74-48d6-8778-afaa3a99c96a,2024-11-25,2025-01-24,Heather Mendez,Consumer,South,Office Supplies,Paper,Strategize Dynamic Portals,1197.06,5,0.12,307.94
d11b825e-c3f0-48ef-8695-e2fb80f219f3,2024-09-29,2025-06-13,Ronald Jefferson III,Consumer,South,Office Supplies,Labels,Incentivize 24/365 Content,1140.05,6,0.17,64.7
3d8ec8cd-983b-4777-a220-73532499dda0,2024-03-16,2025-03-11,Benjamin Hess,Corporate,Central,Office Supplies,Labels,Engineer Intuitive E-Commerce,844.2,9,0.03,-41.52
9d9425c1-37c8-46ab-95cb-bf4e1cbeb0ab,2024-09-01,2025-02-18,Oscar Taylor,Corporate,South,Furniture,Bookcases,Re-Intermediate Magnetic E-Markets,404.97,4,0.37,-94.4
4ebd44a4-ac85-4568-a198-1c184fb132e7,2025-03-09,2025-04-16,Jocelyn Smith,Home Office,Central,Technology,Copiers,Redefine Extensible Technologies,1176.92,1,0.12,393.32
5fb0cc17-d9bc-4bf8-b58d-893f1fc1ef48,2024-01-10,2025-01-10,Michael Jimenez,Corporate,East,Office Supplies,Binders,Redefine Virtual Web Services,1305.6,7,0.36,-161.47
78ccf9f4-0407-4311-96d3-52deda4ccc59,2024-11-20,2024-12-26,Michele Andersen,Home Office,Central,Technology,Copiers,Leverage Collaborative E-Services,358.17,7,0.47,394.9
4621e4c9-a280-44cf-97b0-15f952938a76,2023-08-03,2023-09-19,Alex Roberts,Home Office,Central,Furniture,Bookcases,Target Efficient Communities,1219.82,3,0.09,382.38
1ea4839e-db7e-4595-9713-a45ac484ef0d,2024-06-10,2024-10-06,Michael Russo,Consumer,Central,Office Supplies,Binders,Scale B2B Niches,1250.36,10,0.28,220.65
a6906706-fc68-4b79-8656-04e560aaddee,2024-07-06,2024-12-15,Erica Bell,Corporate,East,Office Supplies,Labels,Synthesize Customized Bandwidth,296.07,8,0.41,-148.85
00b50084-9a2c-486c-8517-2f0c61662c4f,2024-09-13,2025-03-20,Ronald Matthews,Corporate,West,Technology,Phones,Optimize Turn-Key Infrastructures,1338.31,1,0.2,-160.26
4d1c73a1-602b-4f59-b190-12b29cd8727b,2025-04-21,2025-06-11,Robin Gonzalez,Home Office,West,Office Supplies,Binders,Productize Turn-Key Metrics,259.91,9,0.01,60.03
4389c13a-5099-40b9-998a-7d614d7cbd29,2024-08-15,2024-09-11,Michael Miller,Home Office,South,Office Supplies,Labels,Morph Clicks-And-Mortar E-Services,1154.01,1,0.2,306.4
32049594-8ab8-4929-9f2b-2012c21c3696,2025-01-12,2025-06-11,Jennifer Collins,Consumer,South,Furniture,Chairs,Monetize One-To-One Methodologies,480.03,5,0.27,56.73
8c00bba1-e78a-4149-bdf4-1c1f2e52468c,2025-03-19,2025-04-13,Lindsey Guerrero,Corporate,South,Furniture,Tables,Whiteboard Virtual Convergence,591.41,6,0.46,379.75
fbde3179-72be-4171-a218-57a52ee36ab0,2023-08-01,2023-12-22,Kevin Moore,Corporate,South,Technology,Accessories,Aggregate Cross-Platform Architectures,961.3,6,0.23,138.42
f8c3b000-0773-446c-be6e-f2f31062ca79,2024-09-23,2025-02-28,Matthew Nelson,Home Office,East,Office Supplies,Paper,Aggregate World-Class Channels,684.66,5,0.09,260.13
9a23b7af-513e-48f4-9777-7b6e652b7e7c,2024-01-10,2025-01-18,Robert Miranda,Corporate,South,Furniture,Chairs,Aggregate Synergistic Networks,1273.02,6,0.13,56.27
a25f5894-f196-4691-baf5-4366eb053ac8,2024-02-09,2025-07-08,Donald Jenkins,Consumer,West,Technology,Accessories,Re-Contextualize Value-Added E-Business,1173.84,4,0.03,280.23
9703bb26-14a7-48a1-9570-2c5f2324185d,2024-06-29,2024-12-30,Daniel Brown,Consumer,Central,Furniture,Chairs,Deliver Killer E-Commerce,581.79,7,0.39,198.23
5e2cbeed-59b1-49ea-87a9-29d438c3772a,2023-09-28,2025-05-26,Erik Nelson,Home Office,South,Furniture,Tables,Productize Distributed Action-Items,11.52,7,0.1,364.3
b942b760-5328-437f-b41d-5b726f46f6ce,2025-02-06,2025-03-25,Scott Owens,Consumer,South,Furniture,Chairs,Transform Impactful Architectures,303.93,1,0.32,-110.63
77d778de-0807-4f5e-a14b-f72f82da2529,2024-11-28,2024-12-02,Brandon Hughes,Corporate,East,Technology,Phones,Seize Clicks-And-Mortar Bandwidth,1446.0,6,0.21,282.42
5da9d839-8815-4ef1-a920-836cb4a5612c,2023-10-16,2023-12-30,Sean Carey,Consumer,West,Office Supplies,Paper,Re-Contextualize Integrated Functionalities,1237.4,9,0.08,-106.02
1ac02676-fa31-4bdb-8dc1-5487d2ad2f66,2023-12-28,2024-04-21,Maria Woods,Home Office,Central,Furniture,Tables,Benchmark Mission-Critical Interfaces,512.85,9,0.46,390.26
c3065f23-3bac-4125-80dc-27897f1a8c37,2024-07-26,2025-06-12,Anthony James,Consumer,Central,Furniture,Bookcases,Empower Front-End Channels,1091.65,4,0.4,42.91
06753843-ba1f-4807-871b-7f95d3c9fdcb,2024-03-12,2025-04-16,Sonya Green,Corporate,East,Technology,Accessories,Grow Bleeding-Edge Systems,415.58,10,0.29,74.26
4c6d3ad7-b683-4315-88b4-c26bb02cf142,2024-02-17,2024-09-01,Joshua Kaiser,Corporate,South,Technology,Accessories,Syndicate Compelling Web-Readiness,170.62,3,0.0,-199.05
1402fdd9-b2d2-48b1-961d-2e1e0b60b70c,2023-10-29,2025-02-22,Casey Hanna,Home Office,South,Furniture,Bookcases,Scale Transparent Action-Items,586.39,2,0.12,-101.53
d649093d-754d-4e3c-8ce3-05d6e173e525,2024-05-24,2024-11-06,William Munoz,Home Office,Central,Office Supplies,Binders,Engineer Back-End Portals,1392.31,10,0.11,-144.4
971c6932-1452-4aab-a491-ad593ec33923,2025-05-15,2025-05-22,Dylan Williams,Consumer,South,Office Supplies,Paper,Implement Enterprise E-Commerce,1083.13,5,0.18,29.08
bf2ec632-c144-43ff-9027-f271ca6a1c1e,2023-09-28,2024-04-12,Matthew Miller,Home Office,East,Office Supplies,Binders,Iterate End-To-End Niches,249.83,5,0.23,-83.27
232339e6-48d8-44fd-877d-cd1d53ed53a8,2025-04-29,2025-07-31,Kim Lee,Consumer,East,Office Supplies,Paper,Grow Rich Infrastructures,1193.63,4,0.45,389.65
0321a98c-cb9b-414e-9577-dcd62d160736,2023-10-31,2024-04-16,Joel Ritter,Corporate,Central,Technology,Phones,Syndicate Extensible Deliverables,792.21,4,0.01,-75.48
a837f85c-bf19-40b0-8917-fa391a549250,2023-11-28,2025-02-07,Daniel Cook,Consumer,South,Technology,Accessories,Revolutionize Best-Of-Breed E-Tailers,1421.92,6,0.28,-163.95
29a8e46c-44b3-4266-8d76-9a24b3dc2e27,2024-10-08,2024-10-22,Michelle Hunt,Home Office,East,Furniture,Tables,Enhance Interactive E-Services,974.03,5,0.2,266.49
72d629a5-fd58-4aef-9b9a-b50654ccc618,2023-08-06,2024-07-20,Shane Morgan,Home Office,Central,Office Supplies,Labels,Extend Granular Interfaces,1219.1,2,0.25,223.93
fa328553-2b50-44ec-b71f-c66416804549,2024-10-30,2025-02-19,Gary Holmes,Corporate,Central,Office Supplies,Paper,Utilize Viral Functionalities,1085.38,9,0.1,-178.17
6004196a-8ee1-493e-bfe3-59f78dd8088c,2023-10-28,2024-07-18,Tanya Martinez,Corporate,Central,Office Supplies,Binders,Re-Intermediate Front-End Interfaces,567.91,1,0.47,89.7
f63b9a4b-4f45-4187-b191-6700f47106bd,2024-12-17,2025-04-07,Carl Jenkins,Home Office,East,Office Supplies,Labels,Facilitate Innovative Deliverables,559.37,5,0.18,185.69
57e1d1ef-4b55-4bbd-966d-8ab159d2344a,2024-07-08,2025-01-25,Taylor Robbins,Consumer,West,Office Supplies,Paper,Optimize Sticky Niches,551.84,4,0.21,114.35
0e7ba25f-4430-433e-85d3-9d74f1a9c745,2024-08-28,2025-01-17,Ms. Stephanie Kelley,Consumer,South,Furniture,Chairs,Aggregate Granular E-Markets,1468.4,8,0.29,-84.56
3152a4fc-68a1-4c10-be16-146fb97302bc,2025-06-09,2025-07-13,Melissa Smith,Consumer,Central,Office Supplies,Labels,Optimize Extensible Infrastructures,1498.05,1,0.34,159.16
6b6ed998-1bd8-4d26-b307-1fae43934c18,2023-12-07,2025-06-24,Randall Cruz,Corporate,South,Furniture,Chairs,Embrace Real-Time Convergence,1201.85,9,0.02,394.13
12f27837-286c-4221-a7ce-c5d5db83e5d0,2024-08-30,2024-09-11,Heather Brooks,Home Office,Central,Technology,Accessories,Integrate Bricks-And-Clicks Schemas,672.75,5,0.46,252.71
3509ff22-3afa-47df-856b-d3eb10470f25,2024-11-03,2025-02-27,Angela Stevens,Home Office,West,Technology,Accessories,Iterate Interactive Solutions,898.52,1,0.11,-34.63
fe2e1dba-1a1e-4ad5-9647-e2e5f0cfed49,2023-08-20,2025-02-27,Mr. Bobby Miller Jr.,Corporate,East,Office Supplies,Paper,Orchestrate 24/7 Relationships,947.52,6,0.03,-155.22
a53c6563-c38b-45b3-a097-10c684dc144c,2025-03-09,2025-05-14,Kelsey Gordon,Consumer,South,Office Supplies,Paper,Visualize Customized Mindshare,703.76,7,0.44,-92.09
b78091a7-f20d-4633-9e06-4c2d6afe6049,2023-11-23,2024-08-25,Morgan Mills,Consumer,Central,Office Supplies,Labels,Synergize Synergistic Paradigms,1050.57,10,0.25,81.58
6a8fb13a-cdd8-440f-8d01-585bb0fdf0b7,2024-01-17,2024-11-29,Troy Bailey,Corporate,Central,Office Supplies,Labels,Empower Viral Experiences,688.44,8,0.18,96.11
ada4e320-de43-4eb9-9136-f8862903bf69,2025-02-03,2025-06-03,Kelly Williams,Corporate,West,Office Supplies,Paper,Syndicate Interactive Web Services,642.95,1,0.38,-72.17
8f52c569-d765-4ef9-b6f3-81b625c9ba96,2023-09-22,2024-11-24,Tricia Thompson,Home Office,South,Furniture,Bookcases,Visualize Real-Time Partnerships,283.08,4,0.35,399.57
c85c9069-2612-4e8a-affa-4ac61bba4b50,2024-07-16,2025-03-17,Gabriel Bradley,Home Office,South,Office Supplies,Binders,Transform Scalable Action-Items,1478.65,10,0.07,-158.18
38987f86-ef34-4a8f-8204-ecde986293ef,2024-03-30,2024-11-09,Lisa Hernandez,Corporate,East,Technology,Phones,Strategize World-Class E-Tailers,329.23,3,0.03,286.82
acbd8227-e5d5-4ce5-8fde-cdb63858372b,2025-04-03,2025-07-21,Daisy Henderson,Home Office,West,Furniture,Tables,Orchestrate Compelling Roi,101.67,5,0.03,242.12
95ff4801-3cd3-4676-94ab-767ddab8b723,2023-09-17,2024-06-05,Daniel Rollins,Corporate,Central,Furniture,Chairs,Whiteboard Proactive Solutions,1006.51,7,0.05,259.54
8e3ef354-f841-4e2a-98c5-f60116624a1d,2024-11-30,2025-03-07,Dakota Rodriguez,Home Office,Central,Furniture,Tables,Syndicate Back-End E-Markets,547.1,8,0.49,-186.31
1bc03ca1-9afe-4ce7-b544-eeae15208c46,2024-04-14,2024-08-27,Cheyenne Smith,Corporate,West,Furniture,Bookcases,Mesh Rich E-Tailers,1230.46,9,0.15,93.13
f1fc5982-c1fb-420f-879e-6ce6c70e8a8c,2025-06-07,2025-07-06,James Gutierrez,Corporate,East,Office Supplies,Paper,Orchestrate Virtual Initiatives,616.62,7,0.03,123.15
dab47acb-f1d3-4d9b-ab2b-1cc1328b63d3,2025-03-04,2025-07-25,Karen Morris,Corporate,East,Furniture,Bookcases,Synergize B2C Partnerships,756.87,1,0.42,93.01
7adbfa80-2c39-4c93-ac58-4305714d88cc,2024-10-01,2025-04-17,Lisa Aguilar,Home Office,South,Office Supplies,Labels,Envisioneer Extensible Paradigms,566.8,10,0.49,307.08
458b1b26-a6dd-427f-a85a-20b510cb8158,2025-03-21,2025-03-25,Andrew Serrano,Home Office,Central,Technology,Copiers,Visualize Plug-And-Play Infrastructures,493.02,6,0.21,319.97
6c44be4a-6ba0-44d0-b50a-f7d93b4ee9a6,2024-02-17,2024-08-31,Wendy Smith,Home Office,West,Technology,Accessories,Embrace Seamless Channels,279.94,9,0.07,228.79
04d93ebb-299b-4d32-b6e8-374f527f59c6,2024-11-11,2025-06-17,Steven Patterson,Home Office,West,Furniture,Tables,Incubate Impactful Markets,42.92,7,0.1,-2.15
731506a2-a35a-44ab-9f8f-7e1eea200aa2,2024-12-02,2025-02-15,Dr. Vanessa Bautista,Consumer,West,Office Supplies,Labels,Cultivate Global Systems,193.77,3,0.06,-182.62
2d4438dd-ca35-4223-9353-ad817b738a2c,2024-08-13,2024-11-29,Dominic Stevenson,Consumer,East,Technology,Accessories,Synthesize Scalable E-Markets,1056.72,1,0.31,-101.75
6feeed93-f178-4369-8fd1-40e37a0d3c1a,2023-11-27,2023-12-07,Timothy Burton,Home Office,Central,Furniture,Chairs,Engineer 24/7 Users,466.64,4,0.21,328.01
5d532211-70ea-4fbc-8bc6-ddfc05cf34a4,2024-08-07,2024-10-22,John Moore,Consumer,Central,Furniture,Bookcases,Enhance World-Class Architectures,1197.79,7,0.2,170.94
f249cc40-b96e-4bde-a36b-9c423dedf8de,2024-02-23,2024-11-01,Mr. Jonathan Glenn DDS,Home Office,Central,Office Supplies,Labels,Enhance Efficient Web Services,1415.11,7,0.36,-14.72
cb460349-e16a-49b2-a8c2-395312bc49c2,2024-01-21,2024-04-26,Olivia Wallace,Consumer,Central,Furniture,Bookcases,Enable Sticky Infrastructures,1116.45,2,0.36,326.82
789ab110-c4cb-4e40-833b-19e7279922ad,2024-02-22,2024-10-27,John Williams,Home Office,South,Office Supplies,Paper,Embrace Seamless E-Tailers,12.0,2,0.12,-3.2
8475d4e0-8992-4a47-8d16-b77057eb3c9d,2024-04-06,2024-07-31,Rebekah Gould,Home Office,East,Office Supplies,Labels,Utilize Bricks-And-Clicks Niches,1068.05,8,0.49,284.85
56a55caf-96b2-489f-a9bc-f4f145e25502,2024-01-17,2025-04-08,Veronica Phelps,Home Office,West,Office Supplies,Binders,Deploy Sticky Synergies,304.04,1,0.02,27.25
4f95167d-469d-43ec-b245-2c1351fb5057,2024-12-07,2025-05-10,Dylan Vasquez,Corporate,South,Furniture,Tables,Iterate Value-Added Networks,934.5,3,0.44,92.17
e92cd3fa-6ff4-4b6c-a4d5-a6b9db8e8093,2024-06-13,2025-01-20,Donna Andrews,Home Office,East,Office Supplies,Paper,Expedite End-To-End Info-Mediaries,1355.87,7,0.2,398.41
1f86171b-613c-4ea9-b085-6e4c2c3834d1,2024-04-20,2025-03-27,Taylor King,Corporate,Central,Technology,Phones,Redefine Collaborative Markets,1368.23,1,0.28,331.8
a4f40f9b-9412-4aa8-864d-474ca0af837f,2024-01-04,2024-11-15,Julia Green,Corporate,Central,Technology,Phones,Innovate B2C Schemas,798.66,2,0.06,8.84
33d1a5c2-fc0f-413f-a34e-965ee84cad50,2023-09-08,2023-12-24,Cathy Cook,Corporate,East,Office Supplies,Paper,Whiteboard Leading-Edge Initiatives,1242.01,5,0.36,63.51
a643cd36-77ef-4307-b8e9-6e0c236d0088,2024-10-29,2025-01-01,Nathan Roberts,Consumer,West,Technology,Phones,Visualize Proactive Technologies,1139.23,6,0.08,175.67
a8801cbe-b2b2-49c7-9a19-5f460487e89d,2024-07-07,2025-01-17,Barbara Vaughan,Corporate,Central,Office Supplies,Labels,Seize Out-Of-The-Box Communities,1158.6,1,0.33,161.88
25f0e82f-c862-41ed-afd7-7e5db1855a7d,2025-02-18,2025-05-19,Nancy Berg,Home Office,South,Technology,Copiers,Re-Contextualize Distributed Supply-Chains,622.45,1,0.31,234.93
f1441410-b3eb-478e-9f22-fed9922d223a,2023-08-20,2024-10-10,Paul Martinez,Home Office,East,Furniture,Bookcases,Benchmark Collaborative E-Tailers,440.94,8,0.47,-64.21
68cd50bb-5daf-4dd8-a7f8-3bdecbb2fae8,2024-07-17,2025-03-22,Manuel Love,Home Office,South,Furniture,Bookcases,Embrace 24/7 Channels,439.74,1,0.33,362.64
5cce8d2d-34b2-4457-a5b6-c18e0ce4ffec,2024-06-07,2024-09-26,Patrick Jones,Corporate,West,Office Supplies,Labels,Redefine B2B Convergence,1305.01,10,0.06,322.66
8d5d1dad-c67c-4de1-9a5f-f304585e4a5a,2024-09-24,2025-05-09,Brandon Hayes,Home Office,East,Technology,Copiers,Mesh User-Centric Action-Items,376.32,4,0.11,342.54
dbadd441-fe4b-41e6-8133-e59a78a56ed3,2025-03-21,2025-06-30,Travis Morse,Home Office,Central,Furniture,Bookcases,Harness Web-Enabled Roi,1109.77,3,0.16,360.88
dd46ae74-e005-4c08-98df-7aea03da058f,2025-06-13,2025-07-06,Kelly Martinez,Consumer,East,Technology,Phones,Engage Holistic Deliverables,1244.57,9,0.43,255.87
68aa78b6-46c4-4bfa-be73-7c225b207351,2024-12-09,2024-12-10,Laura Arnold,Consumer,Central,Technology,Accessories,Implement Out-Of-The-Box Info-Mediaries,1436.75,10,0.1,125.66
609183dd-43e4-4348-a52e-c59ee6886244,2024-04-14,2024-05-20,James Dickerson,Corporate,Central,Technology,Accessories,Embrace Impactful Functionalities,349.57,5,0.28,385.62
1f8b9af9-d1e6-46c0-b237-3cf96af28f05,2024-08-18,2025-01-02,Mary Rogers,Corporate,South,Technology,Accessories,Optimize Global Systems,1296.83,2,0.38,-8.37
7576072e-fb27-4e0e-bc84-8b646e135b7d,2024-05-20,2024-07-24,Brian Leon,Home Office,West,Technology,Phones,Evolve 24/7 Platforms,237.42,6,0.08,225.52
fd193674-8368-4662-98c9-a41699479742,2024-08-20,2024-11-20,Kimberly Miranda,Corporate,South,Office Supplies,Paper,Transform Clicks-And-Mortar Paradigms,601.44,2,0.24,112.41
aa416522-c8d2-4629-8a75-8b13abe19cdc,2023-08-24,2024-08-19,Erin Hall,Consumer,South,Technology,Copiers,Aggregate Frictionless Partnerships,1174.5,1,0.5,392.6
fa45a141-1f80-4e9e-a51b-60d4978efb84,2024-05-17,2025-03-25,Christopher Molina,Consumer,West,Furniture,Tables,Transition Scalable Roi,589.3,3,0.27,327.93
4219ebe4-1185-41e7-8eaa-971cdc144df0,2024-01-25,2025-04-22,Mr. Matthew Bates,Consumer,South,Furniture,Tables,Mesh Back-End E-Services,833.84,4,0.46,377.86
4ebc19ef-1be3-4416-a221-2c1c696e44aa,2023-10-31,2024-01-06,Leslie Price,Consumer,West,Technology,Copiers,Harness One-To-One Initiatives,1211.49,8,0.05,46.85
3badd28c-a2f8-4fd7-ab8d-17e6a3eda565,2023-11-20,2024-05-19,Paula Bonilla,Consumer,Central,Furniture,Bookcases,Evolve Front-End Partnerships,42.22,1,0.22,-143.98
a1983841-60b1-4b94-a800-052f6d120c18,2024-12-17,2025-05-21,Joshua Contreras,Home Office,Central,Office Supplies,Binders,Cultivate Intuitive Communities,1181.71,5,0.17,257.23
454b34be-2a0b-47d1-9751-4169099ea97e,2023-12-18,2024-11-11,Justin Carter,Corporate,West,Furniture,Chairs,Expedite 24/365 Networks,428.96,6,0.3,-6.07
62ef88e7-c508-4680-a207-5648515dcb67,2025-02-24,2025-07-21,Angela Austin,Consumer,West,Office Supplies,Labels,Unleash Cross-Media Communities,124.09,7,0.23,274.35
70507a8b-4311-432d-aa49-4218c3a8b224,2024-12-06,2025-03-14,Victor Moore,Corporate,Central,Technology,Phones,Syndicate Seamless Roi,29.75,9,0.46,269.13
c8d69476-27cb-40b3-aa8e-8e211769d5a6,2024-06-22,2025-03-14,Johnny Blackwell,Consumer,East,Technology,Phones,Extend Real-Time Methodologies,849.16,6,0.29,-110.83
113c66de-502d-4db5-8484-ae094ac06ac2,2023-10-29,2024-09-04,Jade Fernandez,Corporate,West,Technology,Phones,Revolutionize Plug-And-Play Models,1119.54,10,0.16,221.15
85c0ba45-4512-46cc-8f9f-2b381bcf77f5,2024-12-29,2025-07-22,Jesus Zimmerman,Corporate,West,Technology,Phones,Streamline Visionary Supply-Chains,1225.72,7,0.2,59.07
31fc8224-42ad-47e4-ad4c-8b87618259b1,2024-02-02,2025-04-11,David Porter,Consumer,South,Office Supplies,Labels,Whiteboard Robust Relationships,777.59,6,0.08,-112.4
0540e38a-446c-478e-8155-927d93dbec4c,2025-06-16,2025-07-23,Erika Hernandez,Consumer,Central,Office Supplies,Binders,Transform E-Business Channels,891.47,10,0.15,303.82
0e467168-ffb4-4c15-baad-a81a98876947,2023-10-09,2025-02-13,Brian Wilkins,Consumer,East,Furniture,Tables,Repurpose Interactive Deliverables,820.64,6,0.35,-108.96
152b61c9-bf5d-4579-ac64-17b8520dfc72,2025-03-29,2025-06-10,Preston Ray,Home Office,South,Technology,Phones,Leverage Global Relationships,67.36,5,0.26,255.83
310e260f-99d6-4da8-baed-8fddc56e7230,2023-09-24,2024-11-15,Victoria Douglas,Corporate,South,Furniture,Chairs,Envisioneer Customized Networks,853.03,2,0.02,-184.1
62563ce5-14e4-4488-932e-dd4e6ee5a3a8,2025-03-15,2025-07-16,Kelsey Bailey,Consumer,South,Furniture,Tables,Strategize Clicks-And-Mortar Bandwidth,1225.8,1,0.39,132.41
02ecb531-c434-40db-b2c1-038ba71509c7,2024-02-23,2024-03-25,Bryan Villanueva,Home Office,West,Furniture,Bookcases,Architect B2C Communities,840.38,9,0.33,-102.63
2947d791-f54e-4fc8-b228-201f8379a35b,2024-10-24,2025-01-30,Christopher Murphy,Home Office,West,Furniture,Chairs,Enable Sticky Users,597.54,9,0.05,129.95
ee85aaf0-7cf1-4737-bad1-a75b60034882,2024-05-26,2024-12-31,Chad Davidson,Home Office,East,Furniture,Tables,Transition User-Centric Solutions,774.31,8,0.41,45.81
73553887-cece-4222-948f-98ba5d273c96,2025-05-14,2025-06-06,Stephanie Brown,Home Office,South,Furniture,Chairs,Enable Strategic Solutions,457.53,10,0.26,138.25
b049f7a7-15d7-45db-a423-2018b70073da,2024-07-20,2024-12-27,Sean Macias,Home Office,South,Furniture,Chairs,Target Open-Source Networks,108.55,2,0.11,98.76
b9128035-3be9-4e9a-a4d2-d954406a0980,2023-12-02,2024-06-05,Cassandra Massey,Home Office,East,Technology,Copiers,Iterate One-To-One Models,569.98,9,0.01,7.26
78b624cc-936d-4bc8-99c3-631ab583d01b,2024-05-30,2025-05-12,Alicia Warren,Home Office,West,Office Supplies,Labels,Harness Seamless Interfaces,876.76,4,0.32,-136.2
33930c1e-9c10-40da-9e1a-7835990af70b,2024-03-04,2025-07-15,Rhonda Campbell,Home Office,West,Technology,Copiers,Leverage Clicks-And-Mortar Channels,19.08,2,0.45,63.04
26c01cdd-8155-4d55-9a5d-28e1ac8c3124,2023-08-13,2025-06-29,Brian Cox,Consumer,South,Furniture,Bookcases,Enhance Plug-And-Play Infrastructures,1099.34,3,0.19,-80.29
